month,ii,jj,count_positions,n_individuals,lat,lon
2009-06,25,29,1,1,24.375,-90.625
2009-06,27,30,1,1,24.875,-90.375
2009-06,27,31,1,1,24.875,-90.125
2009-06,28,31,2,1,25.125,-90.125
2009-06,29,31,1,1,25.375,-90.125
2009-06,30,31,1,1,25.625,-90.125
2009-06,31,31,3,1,25.875,-90.125
2009-06,32,31,2,1,26.125,-90.125
2009-06,33,30,1,1,26.375,-90.375
2009-06,34,23,2,1,26.625,-92.125
2009-06,34,24,1,1,26.625,-91.875
2009-06,35,24,1,1,26.875,-91.875
2009-06,35,26,1,1,26.875,-91.375
2009-06,35,29,1,1,26.875,-90.625
2009-06,36,24,6,1,27.125,-91.875
2009-06,36,29,1,1,27.125,-90.625
2009-06,37,25,1,1,27.375,-91.625
2009-06,37,28,1,1,27.375,-90.875
2009-06,37,29,1,1,27.375,-90.625
2009-06,38,23,1,1,27.625,-92.125
2009-06,38,24,1,1,27.625,-91.875
2009-06,38,26,2,1,27.625,-91.375
2009-06,38,27,1,1,27.625,-91.125
2009-06,39,28,2,1,27.875,-90.875
2009-06,40,28,4,2,28.125,-90.875
2009-07,25,2,8,1,24.375,-97.375
2009-07,25,3,2,1,24.375,-97.125
2009-07,25,29,4,1,24.375,-90.625
2009-07,26,2,3,1,24.625,-97.375
2009-07,26,3,1,1,24.625,-97.125
2009-07,27,3,3,1,24.875,-97.125
2009-07,27,29,1,1,24.875,-90.625
2009-07,28,30,1,1,25.125,-90.375
2009-07,29,4,1,1,25.375,-96.875
2009-07,30,31,2,1,25.625,-90.125
2009-07,31,5,1,1,25.875,-96.625
2009-07,31,31,1,1,25.875,-90.125
2009-07,31,32,1,1,25.875,-89.875
2009-07,32,32,2,1,26.125,-89.875
2009-07,33,6,1,1,26.375,-96.375
2009-07,33,31,2,1,26.375,-90.125
2009-07,34,9,1,1,26.625,-95.625
2009-07,34,31,2,1,26.625,-90.125
2009-07,34,32,3,1,26.625,-89.875
2009-07,35,11,1,1,26.875,-95.125
2009-07,35,32,1,1,26.875,-89.875
2009-07,36,13,1,1,27.125,-94.625
2009-07,37,14,1,1,27.375,-94.375
2009-07,37,16,1,1,27.375,-93.875
2009-07,37,32,1,1,27.375,-89.875
2009-07,38,18,1,1,27.625,-93.375
2009-07,38,20,1,1,27.625,-92.875
2009-07,38,21,2,1,27.625,-92.625
2009-07,38,22,1,1,27.625,-92.375
2009-07,38,33,1,1,27.625,-89.625
2009-07,39,20,1,1,27.875,-92.875
2009-07,39,34,1,1,27.875,-89.375
2009-07,41,36,1,1,28.375,-88.875
2009-07,42,39,3,1,28.625,-88.125
2009-07,42,40,1,1,28.625,-87.875
2009-07,42,41,1,1,28.625,-87.625
2009-07,43,42,1,1,28.875,-87.375
2009-07,45,46,1,1,29.375,-86.375
2009-08,18,2,2,1,22.625,-97.375
2009-08,19,2,3,1,22.875,-97.375
2009-08,19,3,1,1,22.875,-97.125
2009-08,20,2,2,1,23.125,-97.375
2009-08,20,4,1,1,23.125,-96.875
2009-08,21,2,5,1,23.375,-97.375
2009-08,21,4,1,1,23.375,-96.875
2009-08,21,5,1,1,23.375,-96.625
2009-08,22,2,1,1,23.625,-97.375
2009-08,22,5,1,1,23.625,-96.625
2009-08,23,2,3,1,23.875,-97.375
2009-08,23,6,1,1,23.875,-96.375
2009-08,24,2,2,1,24.125,-97.375
2009-08,24,6,1,1,24.125,-96.375
2009-08,25,2,1,1,24.375,-97.375
2009-08,26,2,1,1,24.625,-97.375
2009-08,26,3,4,1,24.625,-97.125
2009-08,45,47,1,1,29.375,-86.125
2009-09,25,7,1,1,24.375,-96.125
2009-09,25,8,1,1,24.375,-95.875
2009-09,26,8,1,1,24.625,-95.875
2009-09,26,9,2,1,24.625,-95.625
2009-09,27,9,4,1,24.875,-95.625
2009-09,27,10,2,1,24.875,-95.375
2009-09,28,9,2,1,25.125,-95.625
2009-09,29,8,1,1,25.375,-95.875
2009-09,31,9,1,1,25.875,-95.625
2009-09,32,10,1,1,26.125,-95.375
2009-09,33,9,1,1,26.375,-95.625
2009-09,34,9,1,1,26.625,-95.625
2009-09,35,9,1,1,26.875,-95.625
2009-09,35,10,2,1,26.875,-95.375
2009-09,35,11,6,1,26.875,-95.125
2009-09,36,10,1,1,27.125,-95.375
2009-09,36,11,1,1,27.125,-95.125
2009-09,37,10,1,1,27.375,-95.375
2009-10,32,24,3,1,26.125,-91.875
2009-10,34,23,1,1,26.625,-92.125
2009-10,35,16,1,1,26.875,-93.875
2009-10,36,14,1,1,27.125,-94.375
2009-10,36,16,1,1,27.125,-93.875
2009-10,36,17,1,1,27.125,-93.625
2009-10,36,20,1,1,27.125,-92.875
2009-10,37,10,5,1,27.375,-95.375
2009-10,37,11,3,1,27.375,-95.125
2009-10,37,18,1,1,27.375,-93.375
2010-06,40,26,4,1,28.125,-91.375
2010-06,40,27,9,2,28.125,-91.125
2010-06,40,28,10,2,28.125,-90.875
2010-06,40,29,1,1,28.125,-90.625
2010-06,41,25,3,1,28.375,-91.625
2010-06,41,28,1,1,28.375,-90.875
2010-07,35,25,1,1,26.875,-91.625
2010-07,35,26,1,1,26.875,-91.375
2010-07,36,26,1,1,27.125,-91.375
2010-07,37,26,1,1,27.375,-91.375
2010-07,38,25,1,1,27.625,-91.625
2010-07,39,24,1,1,27.875,-91.875
2010-08,33,23,1,1,26.375,-92.125
2010-08,33,24,1,1,26.375,-91.875
2010-08,33,25,1,1,26.375,-91.625
2010-08,33,26,1,1,26.375,-91.375
2010-08,34,23,1,1,26.625,-92.125
2010-08,34,27,1,1,26.625,-91.125
2010-08,35,21,3,1,26.875,-92.625
2010-08,35,22,3,1,26.875,-92.375
2010-08,35,27,1,1,26.875,-91.125
2010-08,36,19,1,1,27.125,-93.125
2010-08,36,20,2,1,27.125,-92.875
2010-08,36,21,1,1,27.125,-92.625
2010-08,36,28,1,1,27.125,-90.875
2010-08,37,18,1,1,27.375,-93.375
2010-08,37,24,1,1,27.375,-91.875
2010-08,37,28,1,1,27.375,-90.875
2010-08,38,23,1,1,27.625,-92.125
2010-08,38,24,1,1,27.625,-91.875
2010-08,38,25,1,1,27.625,-91.625
2010-08,38,29,1,1,27.625,-90.625
2010-08,39,27,1,1,27.875,-91.125
2010-08,39,28,5,2,27.875,-90.875
2010-09,34,12,2,1,26.625,-94.875
2010-09,34,13,1,1,26.625,-94.625
2010-09,35,11,3,1,26.875,-95.125
2010-09,35,16,1,1,26.875,-93.875
2010-09,35,17,1,1,26.875,-93.625
2010-09,35,18,2,1,26.875,-93.375
2010-09,36,11,10,1,27.125,-95.125
2010-09,36,12,2,1,27.125,-94.875
2010-09,36,13,2,1,27.125,-94.625
2010-09,36,14,1,1,27.125,-94.375
2010-09,36,15,1,1,27.125,-94.125
2010-09,36,16,1,1,27.125,-93.875
2010-09,36,19,3,1,27.125,-93.125
2010-09,45,45,1,1,29.375,-86.625
2010-09,45,46,2,1,29.375,-86.375
2010-09,46,39,1,1,29.625,-88.125
2010-09,46,42,1,1,29.625,-87.375
2010-09,47,43,1,1,29.875,-87.125
2010-09,47,44,1,1,29.875,-86.875
2010-09,47,45,2,1,29.875,-86.625
2010-10,31,20,1,1,25.875,-92.875
2010-10,32,20,1,1,26.125,-92.875
2010-10,33,19,1,1,26.375,-93.125
2010-10,33,21,1,1,26.375,-92.625
2010-10,34,13,3,1,26.625,-94.625
2010-10,34,16,1,1,26.625,-93.875
2010-10,34,17,1,1,26.625,-93.625
2010-10,34,18,1,1,26.625,-93.375
2010-10,34,21,7,1,26.625,-92.625
2010-10,35,13,1,1,26.875,-94.625
2010-10,35,15,1,1,26.875,-94.125
2010-10,42,44,1,1,28.625,-86.875
2010-10,43,44,3,1,28.875,-86.875
2010-10,44,44,3,1,29.125,-86.875
2010-10,45,43,2,1,29.375,-87.125
2010-10,45,44,1,1,29.375,-86.875
2010-10,46,43,3,1,29.625,-87.125
2010-10,46,46,1,1,29.625,-86.375
2010-10,47,43,1,1,29.875,-87.125
2010-10,47,46,1,1,29.875,-86.375
2010-10,48,45,2,1,30.125,-86.625
2010-10,48,46,3,1,30.125,-86.375
2010-11,30,47,1,1,25.625,-86.125
2010-11,31,46,1,1,25.875,-86.375
2010-11,32,45,1,1,26.125,-86.625
2010-11,32,46,1,1,26.125,-86.375
2010-11,33,44,2,1,26.375,-86.875
2010-11,33,45,1,1,26.375,-86.625
2010-11,34,44,2,1,26.625,-86.875
2010-11,35,44,1,1,26.875,-86.875
2010-11,36,43,1,1,27.125,-87.125
2010-11,36,44,1,1,27.125,-86.875
2010-11,37,43,2,1,27.375,-87.125
2010-11,38,43,3,1,27.625,-87.125
2010-11,39,43,2,1,27.875,-87.125
2010-11,40,43,4,1,28.125,-87.125
2010-11,41,43,1,1,28.375,-87.125
2010-11,41,44,1,1,28.375,-86.875
2010-11,42,44,3,1,28.625,-86.875
2010-11,43,45,1,1,28.875,-86.625
2010-11,44,45,1,1,29.125,-86.625
2010-12,24,45,1,1,24.125,-86.625
2010-12,25,38,2,1,24.375,-88.375
2010-12,25,39,2,1,24.375,-88.125
2010-12,25,40,1,1,24.375,-87.875
2010-12,25,41,1,1,24.375,-87.625
2010-12,25,43,1,1,24.375,-87.125
2010-12,25,44,2,1,24.375,-86.875
2010-12,25,45,1,1,24.375,-86.625
2010-12,25,46,2,1,24.375,-86.375
2010-12,25,47,1,1,24.375,-86.125
2010-12,25,48,2,1,24.375,-85.875
2010-12,26,38,1,1,24.625,-88.375
2010-12,26,39,1,1,24.625,-88.125
2010-12,26,47,1,1,24.625,-86.125
2010-12,26,48,2,1,24.625,-85.875
2010-12,27,48,2,1,24.875,-85.875
2010-12,27,49,2,1,24.875,-85.625
2010-12,28,48,2,1,25.125,-85.875
2010-12,28,49,2,1,25.125,-85.625
2010-12,29,48,1,1,25.375,-85.875
2010-12,30,47,1,1,25.625,-86.125
2011-01,27,39,1,1,24.875,-88.125
2011-01,27,40,1,1,24.875,-87.875
2011-01,28,41,2,1,25.125,-87.625
2011-01,29,41,1,1,25.375,-87.625
2011-01,29,42,1,1,25.375,-87.375
2011-01,30,42,3,1,25.625,-87.375
2011-01,30,43,5,1,25.625,-87.125
2011-01,31,44,2,1,25.875,-86.875
2011-01,32,44,6,1,26.125,-86.875
2011-01,32,45,1,1,26.125,-86.625
2011-01,33,45,6,1,26.375,-86.625
2011-01,34,45,2,1,26.625,-86.625
2011-02,34,44,1,1,26.625,-86.875
2011-02,36,44,1,1,27.125,-86.875
2011-02,37,41,2,1,27.375,-87.625
2011-02,38,41,2,1,27.625,-87.625
2011-02,38,43,1,1,27.625,-87.125
2011-02,39,42,1,1,27.875,-87.375
2011-06,39,27,2,1,27.875,-91.125
2011-06,39,28,1,1,27.875,-90.875
2011-06,40,27,1,1,28.125,-91.125
2011-06,40,28,5,1,28.125,-90.875
2011-07,39,27,5,1,27.875,-91.125
2011-07,39,28,4,1,27.875,-90.875
2011-07,39,36,1,1,27.875,-88.875
2011-07,40,27,2,1,28.125,-91.125
2011-09,34,46,3,1,26.625,-86.375
2011-09,35,46,2,1,26.875,-86.375
2011-09,36,47,1,1,27.125,-86.125
2011-09,37,41,1,1,27.375,-87.625
2011-09,38,45,1,1,27.625,-86.625
2011-09,38,46,1,1,27.625,-86.375
2011-09,38,47,1,1,27.625,-86.125
2011-09,39,33,6,4,27.875,-89.625
2011-09,39,34,1,1,27.875,-89.375
2011-09,39,35,1,1,27.875,-89.125
2011-09,39,37,1,1,27.875,-88.625
2011-09,39,46,3,1,27.875,-86.375
2011-09,40,33,2,1,28.125,-89.625
2011-09,40,35,1,1,28.125,-89.125
2011-09,40,36,2,2,28.125,-88.875
2011-09,40,37,1,1,28.125,-88.625
2011-09,40,38,1,1,28.125,-88.375
2011-09,40,40,1,1,28.125,-87.875
2011-09,40,43,1,1,28.125,-87.125
2011-09,40,44,1,1,28.125,-86.875
2011-09,40,45,1,1,28.125,-86.625
2011-09,41,33,2,1,28.375,-89.625
2011-09,41,36,1,1,28.375,-88.875
2011-09,41,37,1,1,28.375,-88.625
2011-09,41,38,2,2,28.375,-88.375
2011-09,41,40,1,1,28.375,-87.875
2011-09,41,42,1,1,28.375,-87.375
2011-09,41,43,1,1,28.375,-87.125
2011-09,41,44,3,1,28.375,-86.875
2011-09,41,45,5,1,28.375,-86.625
2011-09,42,40,1,1,28.625,-87.875
2011-09,42,41,1,1,28.625,-87.625
2011-09,42,43,1,1,28.625,-87.125
2011-09,44,41,1,1,29.125,-87.625
2011-10,20,4,1,1,23.125,-96.875
2011-10,22,5,1,1,23.625,-96.625
2011-10,22,29,1,1,23.625,-90.625
2011-10,23,14,1,1,23.875,-94.375
2011-10,23,17,1,1,23.875,-93.625
2011-10,23,27,1,1,23.875,-91.125
2011-10,23,31,1,1,23.875,-90.125
2011-10,24,7,1,1,24.125,-96.125
2011-10,24,10,1,1,24.125,-95.375
2011-10,24,12,1,1,24.125,-94.875
2011-10,24,19,1,1,24.125,-93.125
2011-10,24,24,1,1,24.125,-91.875
2011-10,24,34,2,1,24.125,-89.375
2011-10,24,35,2,1,24.125,-89.125
2011-10,24,36,2,1,24.125,-88.875
2011-10,24,37,10,1,24.125,-88.625
2011-10,24,38,4,1,24.125,-88.375
2011-10,25,9,1,1,24.375,-95.625
2011-10,25,35,2,1,24.375,-89.125
2011-10,25,37,4,1,24.375,-88.625
2011-10,25,38,1,1,24.375,-88.375
2011-10,26,20,1,1,24.625,-92.875
2011-10,26,21,1,1,24.625,-92.625
2011-10,26,31,1,1,24.625,-90.125
2011-10,26,35,2,1,24.625,-89.125
2011-10,26,36,2,1,24.625,-88.875
2011-10,26,38,1,1,24.625,-88.375
2011-10,26,39,1,1,24.625,-88.125
2011-10,27,31,1,1,24.875,-90.125
2011-10,27,39,1,1,24.875,-88.125
2011-10,28,30,1,1,25.125,-90.375
2011-10,28,38,1,1,25.125,-88.375
2011-10,28,41,1,1,25.125,-87.625
2011-10,29,32,1,1,25.375,-89.875
2011-10,29,41,1,1,25.375,-87.625
2011-10,29,43,1,1,25.375,-87.125
2011-10,30,42,1,1,25.625,-87.375
2011-10,31,34,1,1,25.875,-89.375
2011-10,31,43,1,1,25.875,-87.125
2011-10,32,35,1,1,26.125,-89.125
2011-10,32,44,1,1,26.125,-86.875
2011-10,32,45,1,1,26.125,-86.625
2011-10,33,36,1,1,26.375,-88.875
2011-10,33,45,1,1,26.375,-86.625
2011-10,34,37,1,1,26.625,-88.625
2011-10,35,47,1,1,26.875,-86.125
2011-10,36,36,1,1,27.125,-88.875
2011-10,36,37,1,1,27.125,-88.625
2011-10,37,37,1,1,27.375,-88.625
2011-10,37,41,2,1,27.375,-87.625
2011-10,37,47,1,1,27.375,-86.125
2011-10,38,38,1,1,27.625,-88.375
2011-10,38,47,2,1,27.625,-86.125
2011-10,40,39,1,1,28.125,-88.125
2011-10,41,41,1,1,28.375,-87.625
2011-10,41,44,2,1,28.375,-86.875
2011-10,41,45,3,1,28.375,-86.625
2011-10,42,41,5,1,28.625,-87.625
2011-10,42,42,5,1,28.625,-87.375
2011-10,42,43,2,1,28.625,-87.125
2011-10,43,41,1,1,28.875,-87.625
2011-10,44,36,1,1,29.125,-88.875
2011-10,44,41,1,1,29.125,-87.625
2011-10,44,42,1,1,29.125,-87.375
2011-11,15,9,1,1,21.875,-95.625
2011-11,17,11,1,1,22.375,-95.125
2011-11,17,16,1,1,22.375,-93.875
2011-11,17,17,2,1,22.375,-93.625
2011-11,17,46,1,1,22.375,-86.375
2011-11,18,11,1,1,22.625,-95.125
2011-11,18,17,2,1,22.625,-93.625
2011-11,18,18,3,1,22.625,-93.375
2011-11,18,19,2,1,22.625,-93.125
2011-11,18,20,2,1,22.625,-92.875
2011-11,18,21,1,1,22.625,-92.625
2011-11,19,12,1,1,22.875,-94.875
2011-11,19,22,1,1,22.875,-92.375
2011-11,19,23,1,1,22.875,-92.125
2011-11,19,24,1,1,22.875,-91.875
2011-11,19,25,5,1,22.875,-91.625
2011-11,19,26,3,1,22.875,-91.375
2011-11,20,9,1,1,23.125,-95.625
2011-11,20,12,1,1,23.125,-94.875
2011-11,20,26,1,1,23.125,-91.375
2011-11,20,27,1,1,23.125,-91.125
2011-11,21,4,1,1,23.375,-96.875
2011-11,21,5,1,1,23.375,-96.625
2011-11,21,6,1,1,23.375,-96.375
2011-11,21,8,1,1,23.375,-95.875
2011-11,21,29,1,1,23.375,-90.625
2011-11,22,16,1,1,23.625,-93.875
2011-11,23,28,1,1,23.875,-90.875
2011-11,23,31,1,1,23.875,-90.125
2011-11,23,37,1,1,23.875,-88.625
2011-11,24,13,1,1,24.125,-94.625
2011-11,24,19,1,1,24.125,-93.125
2011-11,24,21,1,1,24.125,-92.625
2011-11,24,23,1,1,24.125,-92.125
2011-11,24,24,1,1,24.125,-91.875
2011-11,24,25,5,1,24.125,-91.625
2011-11,24,26,2,1,24.125,-91.375
2011-11,24,27,1,1,24.125,-91.125
2011-11,24,28,1,1,24.125,-90.875
2011-11,24,29,5,2,24.125,-90.625
2011-11,24,30,2,2,24.125,-90.375
2011-11,24,32,1,1,24.125,-89.875
2011-11,24,34,1,1,24.125,-89.375
2011-11,24,37,4,1,24.125,-88.625
2011-11,25,30,1,1,24.375,-90.375
2011-11,25,31,1,1,24.375,-90.125
2011-11,25,32,1,1,24.375,-89.875
2011-11,25,33,1,1,24.375,-89.625
2011-11,25,35,2,2,24.375,-89.125
2011-11,25,36,1,1,24.375,-88.875
2011-11,25,38,2,1,24.375,-88.375
2011-11,25,39,3,1,24.375,-88.125
2011-11,25,40,7,1,24.375,-87.875
2011-11,26,31,2,1,24.625,-90.125
2011-11,26,38,1,1,24.625,-88.375
2011-12,17,16,1,1,22.375,-93.875
2011-12,19,16,1,1,22.875,-93.875
2011-12,20,15,1,1,23.125,-94.125
2011-12,21,14,2,1,23.375,-94.375
2011-12,22,16,2,1,23.625,-93.875
2011-12,22,18,2,1,23.625,-93.375
2011-12,22,27,2,1,23.625,-91.125
2011-12,22,43,5,1,23.625,-87.125
2011-12,23,16,4,1,23.875,-93.875
2011-12,23,18,1,1,23.875,-93.375
2011-12,23,19,1,1,23.875,-93.125
2011-12,23,20,1,1,23.875,-92.875
2011-12,23,22,1,1,23.875,-92.375
2011-12,23,24,1,1,23.875,-91.875
2011-12,23,25,1,1,23.875,-91.625
2011-12,23,26,1,1,23.875,-91.375
2011-12,23,27,2,1,23.875,-91.125
2011-12,23,28,1,1,23.875,-90.875
2011-12,23,42,1,1,23.875,-87.375
2011-12,23,43,5,1,23.875,-87.125
2011-12,24,31,1,1,24.125,-90.125
2011-12,24,32,4,1,24.125,-89.875
2011-12,24,36,1,1,24.125,-88.875
2011-12,24,40,1,1,24.125,-87.875
2011-12,24,41,1,1,24.125,-87.625
2011-12,24,42,1,1,24.125,-87.375
2011-12,25,31,1,1,24.375,-90.125
2011-12,25,33,1,1,24.375,-89.625
2011-12,25,39,1,1,24.375,-88.125
2011-12,26,34,1,1,24.625,-89.375
2011-12,27,31,1,1,24.875,-90.125
2011-12,28,28,1,1,25.125,-90.875
2011-12,30,25,1,1,25.625,-91.625
2011-12,31,22,1,1,25.875,-92.375
2011-12,32,21,3,1,26.125,-92.625
2012-01,18,9,1,1,22.625,-95.625
2012-01,21,29,1,1,23.375,-90.625
2012-01,21,30,1,1,23.375,-90.375
2012-01,21,31,2,1,23.375,-90.125
2012-01,21,32,2,1,23.375,-89.875
2012-01,22,33,1,1,23.625,-89.625
2012-01,24,28,1,1,24.125,-90.875
2012-01,25,25,1,1,24.375,-91.625
2012-01,26,25,3,1,24.625,-91.625
2012-01,26,26,3,1,24.625,-91.375
2012-01,27,24,1,1,24.875,-91.875
2012-01,27,27,1,1,24.875,-91.125
2012-01,27,28,2,1,24.875,-90.875
2012-01,27,29,2,1,24.875,-90.625
2012-01,27,31,1,1,24.875,-90.125
2012-01,27,32,1,1,24.875,-89.875
2012-01,29,22,7,1,25.375,-92.375
2012-01,31,21,1,1,25.875,-92.625
2012-02,21,32,1,1,23.375,-89.875
2012-02,21,35,1,1,23.375,-89.125
2012-02,22,38,1,1,23.625,-88.375
2012-02,23,40,5,1,23.875,-87.875
2012-02,24,40,1,1,24.125,-87.875
2012-02,27,35,1,1,24.875,-89.125
2012-02,27,36,1,1,24.875,-88.875
2012-02,27,39,1,1,24.875,-88.125
2012-05,16,1,1,1,22.125,-97.625
2012-10,38,5,1,1,27.625,-96.625
2012-10,38,7,2,1,27.625,-96.125
2012-10,39,37,2,2,27.875,-88.625
2012-11,24,56,1,1,24.125,-83.875
2012-11,37,3,1,1,27.375,-97.125
2012-11,37,5,1,1,27.375,-96.625
2012-11,38,5,1,1,27.625,-96.625
2012-11,39,12,2,1,27.875,-94.875
2012-12,21,49,1,1,23.375,-85.625
2012-12,30,8,1,1,25.625,-95.875
2012-12,31,8,2,1,25.875,-95.875
2012-12,31,9,2,1,25.875,-95.625
2012-12,32,10,1,1,26.125,-95.375
2012-12,33,10,1,1,26.375,-95.375
2012-12,34,10,2,1,26.625,-95.375
2012-12,37,13,1,1,27.375,-94.625
2013-01,27,42,1,1,24.875,-87.375
2013-01,30,43,1,1,25.625,-87.125
2013-02,23,33,3,1,23.875,-89.625
2013-02,24,33,1,1,24.125,-89.625
2013-02,25,33,1,1,24.375,-89.625
2013-02,27,54,2,1,24.875,-84.375
2013-02,31,53,1,1,25.875,-84.625
2013-03,34,34,1,1,26.625,-89.375
2013-06,33,25,1,1,26.375,-91.625
2013-06,33,26,1,1,26.375,-91.375
2013-06,33,28,2,1,26.375,-90.875
2013-06,33,29,5,1,26.375,-90.625
2013-06,34,30,1,1,26.625,-90.375
2013-06,35,16,1,1,26.875,-93.875
2013-06,35,30,1,1,26.875,-90.375
2013-06,35,31,1,1,26.875,-90.125
2013-06,36,20,1,1,27.125,-92.875
2013-06,36,27,1,1,27.125,-91.125
2013-06,37,27,1,1,27.375,-91.125
2013-06,37,28,1,1,27.375,-90.875
2013-06,38,27,1,1,27.625,-91.125
2013-06,39,21,1,1,27.875,-92.625
2013-06,39,24,1,1,27.875,-91.875
2013-06,39,27,1,1,27.875,-91.125
2013-06,39,28,4,1,27.875,-90.875
2013-06,39,29,1,1,27.875,-90.625
2013-06,40,23,1,1,28.125,-92.125
2013-06,40,25,3,1,28.125,-91.625
2013-06,40,26,1,1,28.125,-91.375
2013-06,40,27,7,5,28.125,-91.125
2013-06,40,28,35,9,28.125,-90.875
2013-06,41,18,1,1,28.375,-93.375
2013-06,41,20,1,1,28.375,-92.875
2013-06,41,23,2,1,28.375,-92.125
2013-06,41,24,1,1,28.375,-91.875
2013-06,43,20,1,1,28.875,-92.875
2013-06,44,23,1,1,29.125,-92.125
2013-07,23,8,1,1,23.875,-95.875
2013-07,27,7,1,1,24.875,-96.125
2013-07,27,8,1,1,24.875,-95.875
2013-07,28,5,1,1,25.125,-96.625
2013-07,28,11,1,1,25.125,-95.125
2013-07,29,6,1,1,25.375,-96.375
2013-07,29,8,1,1,25.375,-95.875
2013-07,30,13,1,1,25.625,-94.625
2013-07,31,6,1,1,25.875,-96.375
2013-07,31,7,2,1,25.875,-96.125
2013-07,31,17,1,1,25.875,-93.625
2013-07,32,6,1,1,26.125,-96.375
2013-07,32,7,3,2,26.125,-96.125
2013-07,32,12,1,1,26.125,-94.875
2013-07,33,6,1,1,26.375,-96.375
2013-07,33,7,1,1,26.375,-96.125
2013-07,33,12,1,1,26.375,-94.875
2013-07,34,4,1,1,26.625,-96.875
2013-07,34,8,1,1,26.625,-95.875
2013-07,34,14,1,1,26.625,-94.375
2013-07,34,21,2,1,26.625,-92.625
2013-07,35,5,1,1,26.875,-96.625
2013-07,35,7,2,1,26.875,-96.125
2013-07,35,9,3,2,26.875,-95.625
2013-07,35,10,1,1,26.875,-95.375
2013-07,35,12,1,1,26.875,-94.875
2013-07,35,15,1,1,26.875,-94.125
2013-07,35,22,1,1,26.875,-92.375
2013-07,36,6,1,1,27.125,-96.375
2013-07,36,11,1,1,27.125,-95.125
2013-07,36,23,1,1,27.125,-92.125
2013-07,36,32,1,1,27.125,-89.875
2013-07,37,15,1,1,27.375,-94.125
2013-07,37,19,1,1,27.375,-93.125
2013-07,37,23,1,1,27.375,-92.125
2013-07,37,26,1,1,27.375,-91.375
2013-07,37,34,1,1,27.375,-89.375
2013-07,37,35,1,1,27.375,-89.125
2013-07,38,12,1,1,27.625,-94.875
2013-07,38,22,2,2,27.625,-92.375
2013-07,38,23,3,2,27.625,-92.125
2013-07,38,25,4,1,27.625,-91.625
2013-07,38,26,1,1,27.625,-91.375
2013-07,38,37,1,1,27.625,-88.625
2013-07,38,39,3,1,27.625,-88.125
2013-07,39,12,1,1,27.875,-94.875
2013-07,39,18,1,1,27.875,-93.375
2013-07,39,21,4,1,27.875,-92.625
2013-07,39,22,31,4,27.875,-92.375
2013-07,39,23,7,3,27.875,-92.125
2013-07,39,24,2,1,27.875,-91.875
2013-07,39,25,12,1,27.875,-91.625
2013-07,39,30,1,1,27.875,-90.375
2013-07,39,34,1,1,27.875,-89.375
2013-07,39,36,1,1,27.875,-88.875
2013-07,39,37,1,1,27.875,-88.625
2013-07,39,39,2,1,27.875,-88.125
2013-07,39,40,3,1,27.875,-87.875
2013-07,39,41,2,1,27.875,-87.625
2013-07,39,42,2,1,27.875,-87.375
2013-07,40,16,1,1,28.125,-93.875
2013-07,40,19,1,1,28.125,-93.125
2013-07,40,21,1,1,28.125,-92.625
2013-07,40,23,1,1,28.125,-92.125
2013-07,40,25,1,1,28.125,-91.625
2013-07,40,28,2,1,28.125,-90.875
2013-07,40,29,1,1,28.125,-90.625
2013-07,40,30,1,1,28.125,-90.375
2013-07,40,38,1,1,28.125,-88.375
2013-07,40,40,2,1,28.125,-87.875
2013-07,40,42,1,1,28.125,-87.375
2013-07,40,43,3,1,28.125,-87.125
2013-07,40,44,4,1,28.125,-86.875
2013-07,40,45,2,1,28.125,-86.625
2013-07,41,32,1,1,28.375,-89.875
2013-08,28,21,1,1,25.125,-92.625
2013-08,30,11,2,1,25.625,-95.125
2013-08,30,24,1,1,25.625,-91.875
2013-08,31,12,1,1,25.875,-94.875
2013-08,31,19,1,1,25.875,-93.125
2013-08,32,14,1,1,26.125,-94.375
2013-08,32,21,1,1,26.125,-92.625
2013-08,33,15,1,1,26.375,-94.125
2013-08,33,22,1,1,26.375,-92.375
2013-08,34,12,2,1,26.625,-94.875
2013-08,34,13,2,1,26.625,-94.625
2013-08,34,14,1,1,26.625,-94.375
2013-08,34,15,1,1,26.625,-94.125
2013-08,34,16,1,1,26.625,-93.875
2013-08,35,11,2,1,26.875,-95.125
2013-08,35,12,3,1,26.875,-94.875
2013-08,35,13,1,1,26.875,-94.625
2013-08,35,16,1,1,26.875,-93.875
2013-08,36,12,2,1,27.125,-94.875
2013-08,36,13,1,1,27.125,-94.625
2013-08,36,14,1,1,27.125,-94.375
2013-08,36,15,1,1,27.125,-94.125
2013-08,36,16,2,1,27.125,-93.875
2013-08,38,34,1,1,27.625,-89.375
2013-08,38,35,1,1,27.625,-89.125
2013-08,39,34,2,1,27.875,-89.375
2013-08,39,35,6,1,27.875,-89.125
2013-08,39,36,3,1,27.875,-88.875
2013-08,39,37,1,1,27.875,-88.625
2013-08,39,39,1,1,27.875,-88.125
2013-08,40,35,1,1,28.125,-89.125
2013-08,40,36,1,1,28.125,-88.875
2013-08,40,37,2,1,28.125,-88.625
2013-08,40,38,2,1,28.125,-88.375
2013-08,41,36,2,1,28.375,-88.875
2013-08,41,38,3,1,28.375,-88.375
2013-08,41,39,3,1,28.375,-88.125
2013-08,42,36,1,1,28.625,-88.875
2013-08,42,37,2,1,28.625,-88.625
2013-08,44,47,8,1,29.125,-86.125
2013-08,45,46,15,1,29.375,-86.375
2013-08,45,47,6,1,29.375,-86.125
2013-08,45,48,1,1,29.375,-85.875
2013-09,5,24,1,1,19.375,-91.875
2013-09,9,20,1,1,20.375,-92.875
2013-09,12,18,1,1,21.125,-93.375
2013-09,17,22,1,1,22.375,-92.375
2013-09,20,25,1,1,23.125,-91.625
2013-09,24,24,1,1,24.125,-91.875
2013-09,26,20,1,1,24.625,-92.875
2013-09,28,16,1,1,25.125,-93.875
2013-09,29,13,2,1,25.375,-94.625
2013-09,29,14,1,1,25.375,-94.375
2013-09,30,11,1,1,25.625,-95.125
2013-09,30,12,1,1,25.625,-94.875
2013-09,31,10,4,1,25.875,-95.375
2013-09,31,12,3,1,25.875,-94.875
2013-09,32,10,1,1,26.125,-95.375
2013-09,32,11,1,1,26.125,-95.125
2013-09,33,10,4,1,26.375,-95.375
2013-09,37,31,1,1,27.375,-90.125
2013-09,37,32,3,1,27.375,-89.875
2013-09,37,33,1,1,27.375,-89.625
2013-09,37,34,1,1,27.375,-89.375
2013-09,37,35,8,1,27.375,-89.125
2013-09,37,36,2,1,27.375,-88.875
2013-09,37,37,5,1,27.375,-88.625
2013-09,38,31,1,1,27.625,-90.125
2013-09,38,32,1,1,27.625,-89.875
2013-09,38,33,2,1,27.625,-89.625
2013-09,38,34,2,1,27.625,-89.375
2013-09,38,35,1,1,27.625,-89.125
2013-09,38,36,2,1,27.625,-88.875
2013-09,44,39,1,1,29.125,-88.125
2013-10,29,10,1,1,25.375,-95.375
2013-10,30,11,1,1,25.625,-95.125
2013-10,32,15,1,1,26.125,-94.125
2013-10,35,18,1,1,26.875,-93.375
2013-10,36,21,1,1,27.125,-92.625
2013-10,36,24,1,1,27.125,-91.875
2013-10,37,27,1,1,27.375,-91.125
2013-10,37,30,1,1,27.375,-90.375
2013-10,37,31,1,1,27.375,-90.125
2013-10,38,32,1,1,27.625,-89.875
2013-10,38,33,2,1,27.625,-89.625
2013-10,38,34,1,1,27.625,-89.375
2013-10,38,35,1,1,27.625,-89.125
2013-10,39,35,6,1,27.875,-89.125
2013-10,39,36,4,1,27.875,-88.875
2013-10,39,37,1,1,27.875,-88.625
2013-10,40,36,2,1,28.125,-88.875
2013-10,40,37,2,1,28.125,-88.625
2013-10,40,38,2,1,28.125,-88.375
2013-11,21,3,5,1,23.375,-97.125
2013-11,21,4,3,1,23.375,-96.875
2013-11,22,3,3,1,23.625,-97.125
2013-11,22,4,4,1,23.625,-96.875
2013-11,22,5,5,1,23.625,-96.625
2013-11,23,4,1,1,23.875,-96.875
2013-11,24,5,1,1,24.125,-96.625
2013-11,24,6,1,1,24.125,-96.375
2013-11,25,6,3,1,24.375,-96.375
2013-11,25,7,1,1,24.375,-96.125
2013-11,26,9,1,1,24.625,-95.625
2013-11,27,8,1,1,24.875,-95.875
2013-11,28,9,1,1,25.125,-95.625
2013-12,22,4,3,1,23.625,-96.875
2013-12,22,5,3,1,23.625,-96.625
2013-12,22,6,3,1,23.625,-96.375
2013-12,23,6,1,1,23.875,-96.375
2013-12,23,7,1,1,23.875,-96.125
2013-12,24,8,1,1,24.125,-95.875
2013-12,25,7,1,1,24.375,-96.125
2013-12,26,7,1,1,24.625,-96.125
2013-12,28,7,1,1,25.125,-96.125
2013-12,31,10,1,1,25.875,-95.375
2013-12,33,12,1,1,26.375,-94.875
2013-12,35,13,1,1,26.875,-94.625
2013-12,37,15,1,1,27.375,-94.125
2013-12,38,16,1,1,27.625,-93.875
2014-07,28,12,1,1,25.125,-94.875
2014-07,29,25,1,1,25.375,-91.625
2014-07,29,26,1,1,25.375,-91.375
2014-07,29,27,4,1,25.375,-91.125
2014-07,30,17,1,1,25.625,-93.625
2014-07,30,20,1,1,25.625,-92.875
2014-07,30,23,1,1,25.625,-92.125
2014-07,30,25,3,1,25.625,-91.625
2014-07,30,26,4,1,25.625,-91.375
2014-07,30,27,4,1,25.625,-91.125
2014-07,34,26,1,1,26.625,-91.375
2014-07,34,27,2,1,26.625,-91.125
2014-07,35,18,1,1,26.875,-93.375
2014-07,35,21,1,1,26.875,-92.625
2014-07,35,23,2,1,26.875,-92.125
2014-07,35,24,3,1,26.875,-91.875
2014-07,35,25,2,2,26.875,-91.625
2014-07,35,26,2,2,26.875,-91.375
2014-07,35,27,8,1,26.875,-91.125
2014-07,35,28,4,1,26.875,-90.875
2014-07,36,18,3,2,27.125,-93.375
2014-07,36,19,3,3,27.125,-93.125
2014-07,36,20,4,2,27.125,-92.875
2014-07,36,21,2,1,27.125,-92.625
2014-07,36,22,2,1,27.125,-92.375
2014-07,36,23,1,1,27.125,-92.125
2014-07,36,24,1,1,27.125,-91.875
2014-07,36,25,4,2,27.125,-91.625
2014-07,36,26,9,2,27.125,-91.375
2014-07,36,27,1,1,27.125,-91.125
2014-07,36,37,1,1,27.125,-88.625
2014-07,37,18,1,1,27.375,-93.375
2014-07,37,19,2,1,27.375,-93.125
2014-07,37,20,2,1,27.375,-92.875
2014-07,37,21,1,1,27.375,-92.625
2014-07,37,22,3,3,27.375,-92.375
2014-07,37,23,1,1,27.375,-92.125
2014-07,37,24,3,2,27.375,-91.875
2014-07,37,25,5,2,27.375,-91.625
2014-07,37,26,2,2,27.375,-91.375
2014-07,37,27,3,1,27.375,-91.125
2014-07,37,28,6,1,27.375,-90.875
2014-07,37,30,3,2,27.375,-90.375
2014-07,37,31,3,2,27.375,-90.125
2014-07,37,32,1,1,27.375,-89.875
2014-07,37,33,2,2,27.375,-89.625
2014-07,37,35,1,1,27.375,-89.125
2014-07,37,37,1,1,27.375,-88.625
2014-07,38,21,1,1,27.625,-92.625
2014-07,38,22,3,1,27.625,-92.375
2014-07,38,24,1,1,27.625,-91.875
2014-07,38,25,2,2,27.625,-91.625
2014-07,38,26,2,1,27.625,-91.375
2014-07,38,27,4,2,27.625,-91.125
2014-07,38,28,2,2,27.625,-90.875
2014-07,38,29,4,2,27.625,-90.625
2014-07,38,30,9,3,27.625,-90.375
2014-07,38,31,3,2,27.625,-90.125
2014-07,38,32,4,3,27.625,-89.875
2014-07,38,33,2,1,27.625,-89.625
2014-07,38,34,3,3,27.625,-89.375
2014-07,38,36,1,1,27.625,-88.875
2014-07,38,37,2,2,27.625,-88.625
2014-07,38,38,5,2,27.625,-88.375
2014-07,38,39,5,1,27.625,-88.125
2014-07,38,40,1,1,27.625,-87.875
2014-07,39,25,1,1,27.875,-91.625
2014-07,39,28,2,1,27.875,-90.875
2014-07,39,29,1,1,27.875,-90.625
2014-07,39,30,2,1,27.875,-90.375
2014-07,39,31,5,2,27.875,-90.125
2014-07,39,32,2,2,27.875,-89.875
2014-07,39,33,2,2,27.875,-89.625
2014-07,39,35,1,1,27.875,-89.125
2014-07,39,36,1,1,27.875,-88.875
2014-07,39,37,2,1,27.875,-88.625
2014-07,39,38,1,1,27.875,-88.375
2014-07,39,39,3,2,27.875,-88.125
2014-07,39,40,5,3,27.875,-87.875
2014-07,39,43,1,1,27.875,-87.125
2014-07,40,25,4,1,28.125,-91.625
2014-07,40,27,3,2,28.125,-91.125
2014-07,40,28,24,14,28.125,-90.875
2014-07,40,30,1,1,28.125,-90.375
2014-07,40,31,2,1,28.125,-90.125
2014-07,40,33,1,1,28.125,-89.625
2014-07,40,34,1,1,28.125,-89.375
2014-07,40,35,3,1,28.125,-89.125
2014-07,40,36,1,1,28.125,-88.875
2014-07,40,37,1,1,28.125,-88.625
2014-07,40,40,2,2,28.125,-87.875
2014-07,40,41,2,1,28.125,-87.625
2014-07,40,42,3,3,28.125,-87.375
2014-07,40,44,1,1,28.125,-86.875
2014-07,41,27,1,1,28.375,-91.125
2014-07,41,34,1,1,28.375,-89.375
2014-07,41,35,2,1,28.375,-89.125
2014-07,41,45,7,1,28.375,-86.625
2014-07,41,46,1,1,28.375,-86.375
2014-08,11,17,1,1,20.875,-93.625
2014-08,11,18,1,1,20.875,-93.375
2014-08,12,16,2,1,21.125,-93.875
2014-08,13,14,1,1,21.375,-94.375
2014-08,14,9,3,1,21.625,-95.625
2014-08,14,10,2,1,21.625,-95.375
2014-08,14,11,2,1,21.625,-95.125
2014-08,14,12,2,1,21.625,-94.875
2014-08,15,7,1,1,21.875,-96.125
2014-08,17,5,1,1,22.375,-96.625
2014-08,19,7,1,1,22.875,-96.125
2014-08,21,9,1,1,23.375,-95.625
2014-08,24,11,1,1,24.125,-95.125
2014-08,25,10,1,1,24.375,-95.375
2014-08,25,12,1,1,24.375,-94.875
2014-08,26,5,1,1,24.625,-96.625
2014-08,26,6,7,1,24.625,-96.375
2014-08,26,7,1,1,24.625,-96.125
2014-08,26,8,2,2,24.625,-95.875
2014-08,26,10,1,1,24.625,-95.375
2014-08,26,14,1,1,24.625,-94.375
2014-08,26,16,1,1,24.625,-93.875
2014-08,27,6,1,1,24.875,-96.375
2014-08,27,7,1,1,24.875,-96.125
2014-08,27,8,1,1,24.875,-95.875
2014-08,27,9,1,1,24.875,-95.625
2014-08,28,18,1,1,25.125,-93.375
2014-08,30,19,1,1,25.625,-93.125
2014-08,30,37,1,1,25.625,-88.625
2014-08,30,46,1,1,25.625,-86.375
2014-08,31,20,2,1,25.875,-92.875
2014-08,31,34,1,1,25.875,-89.375
2014-08,31,35,1,1,25.875,-89.125
2014-08,31,36,1,1,25.875,-88.875
2014-08,31,37,1,1,25.875,-88.625
2014-08,31,40,1,1,25.875,-87.875
2014-08,31,41,1,1,25.875,-87.625
2014-08,31,42,1,1,25.875,-87.375
2014-08,31,43,1,1,25.875,-87.125
2014-08,31,44,1,1,25.875,-86.875
2014-08,31,45,1,1,25.875,-86.625
2014-08,31,46,2,1,25.875,-86.375
2014-08,32,22,1,1,26.125,-92.375
2014-08,32,32,1,1,26.125,-89.875
2014-08,32,41,1,1,26.125,-87.625
2014-08,32,44,1,1,26.125,-86.875
2014-08,33,24,1,1,26.375,-91.875
2014-08,33,32,2,1,26.375,-89.875
2014-08,33,39,1,1,26.375,-88.125
2014-08,33,40,1,1,26.375,-87.875
2014-08,33,46,1,1,26.375,-86.375
2014-08,33,47,2,1,26.375,-86.125
2014-08,34,26,1,1,26.625,-91.375
2014-08,34,32,1,1,26.625,-89.875
2014-08,34,33,1,1,26.625,-89.625
2014-08,34,34,1,1,26.625,-89.375
2014-08,34,47,4,1,26.625,-86.125
2014-08,34,48,2,2,26.625,-85.875
2014-08,35,26,1,1,26.875,-91.375
2014-08,35,32,3,1,26.875,-89.875
2014-08,35,33,3,1,26.875,-89.625
2014-08,35,39,1,1,26.875,-88.125
2014-08,35,41,1,1,26.875,-87.625
2014-08,35,49,1,1,26.875,-85.625
2014-08,35,52,1,1,26.875,-84.875
2014-08,36,25,1,1,27.125,-91.625
2014-08,36,27,1,1,27.125,-91.125
2014-08,36,29,1,1,27.125,-90.625
2014-08,36,31,3,2,27.125,-90.125
2014-08,36,33,3,1,27.125,-89.625
2014-08,36,37,1,1,27.125,-88.625
2014-08,36,42,1,1,27.125,-87.375
2014-08,36,47,1,1,27.125,-86.125
2014-08,36,51,5,1,27.125,-85.125
2014-08,36,52,1,1,27.125,-84.875
2014-08,36,53,1,1,27.125,-84.625
2014-08,37,24,1,1,27.375,-91.875
2014-08,37,26,1,1,27.375,-91.375
2014-08,37,30,1,1,27.375,-90.375
2014-08,37,31,1,1,27.375,-90.125
2014-08,37,32,1,1,27.375,-89.875
2014-08,37,33,1,1,27.375,-89.625
2014-08,37,39,1,1,27.375,-88.125
2014-08,37,40,1,1,27.375,-87.875
2014-08,37,45,1,1,27.375,-86.625
2014-08,38,23,1,1,27.625,-92.125
2014-08,38,24,3,1,27.625,-91.875
2014-08,38,26,3,2,27.625,-91.375
2014-08,38,29,1,1,27.625,-90.625
2014-08,38,30,8,2,27.625,-90.375
2014-08,38,33,1,1,27.625,-89.625
2014-08,38,39,3,2,27.625,-88.125
2014-08,38,41,2,1,27.625,-87.625
2014-08,38,42,1,1,27.625,-87.375
2014-08,38,43,2,2,27.625,-87.125
2014-08,38,50,1,1,27.625,-85.375
2014-08,39,25,1,1,27.875,-91.625
2014-08,39,27,1,1,27.875,-91.125
2014-08,39,28,1,1,27.875,-90.875
2014-08,39,29,1,1,27.875,-90.625
2014-08,39,30,3,1,27.875,-90.375
2014-08,39,32,1,1,27.875,-89.875
2014-08,39,33,1,1,27.875,-89.625
2014-08,39,41,2,1,27.875,-87.625
2014-08,39,42,1,1,27.875,-87.375
2014-08,39,43,2,1,27.875,-87.125
2014-08,39,50,1,1,27.875,-85.375
2014-08,40,24,2,1,28.125,-91.875
2014-08,40,25,1,1,28.125,-91.625
2014-08,40,28,2,1,28.125,-90.875
2014-08,40,29,2,1,28.125,-90.625
2014-08,40,30,3,2,28.125,-90.375
2014-08,40,32,1,1,28.125,-89.875
2014-08,40,34,1,1,28.125,-89.375
2014-08,40,35,2,2,28.125,-89.125
2014-08,40,36,5,1,28.125,-88.875
2014-08,40,37,1,1,28.125,-88.625
2014-08,40,40,1,1,28.125,-87.875
2014-08,40,42,1,1,28.125,-87.375
2014-08,40,43,5,2,28.125,-87.125
2014-08,40,44,7,2,28.125,-86.875
2014-08,40,45,3,2,28.125,-86.625
2014-08,40,46,1,1,28.125,-86.375
2014-08,40,49,1,1,28.125,-85.625
2014-08,40,50,2,2,28.125,-85.375
2014-08,41,26,1,1,28.375,-91.375
2014-08,41,27,1,1,28.375,-91.125
2014-08,41,29,1,1,28.375,-90.625
2014-08,41,30,2,1,28.375,-90.375
2014-08,41,31,2,1,28.375,-90.125
2014-08,41,37,1,1,28.375,-88.625
2014-08,41,38,2,1,28.375,-88.375
2014-08,41,39,1,1,28.375,-88.125
2014-08,41,40,1,1,28.375,-87.875
2014-08,41,42,1,1,28.375,-87.375
2014-08,41,43,2,2,28.375,-87.125
2014-08,41,44,2,1,28.375,-86.875
2014-08,41,45,6,3,28.375,-86.625
2014-08,41,47,2,2,28.375,-86.125
2014-08,41,48,2,2,28.375,-85.875
2014-08,41,49,4,2,28.375,-85.625
2014-08,41,50,3,2,28.375,-85.375
2014-08,41,51,2,1,28.375,-85.125
2014-08,42,32,2,1,28.625,-89.875
2014-08,42,35,1,1,28.625,-89.125
2014-08,42,38,2,1,28.625,-88.375
2014-08,42,39,4,2,28.625,-88.125
2014-08,42,41,1,1,28.625,-87.625
2014-08,42,42,1,1,28.625,-87.375
2014-08,42,43,5,3,28.625,-87.125
2014-08,42,44,1,1,28.625,-86.875
2014-08,42,45,3,2,28.625,-86.625
2014-08,42,47,2,1,28.625,-86.125
2014-08,42,48,1,1,28.625,-85.875
2014-08,43,36,3,1,28.875,-88.875
2014-08,43,38,1,1,28.875,-88.375
2014-08,43,41,3,2,28.875,-87.625
2014-08,43,43,2,1,28.875,-87.125
2014-08,43,44,5,2,28.875,-86.875
2014-08,43,45,9,2,28.875,-86.625
2014-08,43,46,5,1,28.875,-86.375
2014-08,44,36,1,1,29.125,-88.875
2014-08,44,38,1,1,29.125,-88.375
2014-08,44,40,2,1,29.125,-87.875
2014-08,44,43,1,1,29.125,-87.125
2014-08,44,44,1,1,29.125,-86.875
2014-08,44,45,1,1,29.125,-86.625
2014-08,45,41,1,1,29.375,-87.625
2014-08,45,42,2,1,29.375,-87.375
2014-08,45,44,2,1,29.375,-86.875
2014-08,46,42,1,1,29.625,-87.375
2014-08,47,45,1,1,29.875,-86.625
2014-09,24,27,1,1,24.125,-91.125
2014-09,25,24,1,1,24.375,-91.875
2014-09,25,30,1,1,24.375,-90.375
2014-09,25,32,1,1,24.375,-89.875
2014-09,25,35,1,1,24.375,-89.125
2014-09,26,38,1,1,24.625,-88.375
2014-09,26,39,1,1,24.625,-88.125
2014-09,26,40,1,1,24.625,-87.875
2014-09,26,41,4,1,24.625,-87.625
2014-09,26,43,1,1,24.625,-87.125
2014-09,27,39,1,1,24.875,-88.125
2014-09,27,40,3,1,24.875,-87.875
2014-09,28,44,1,1,25.125,-86.875
2014-09,29,46,1,1,25.375,-86.375
2014-09,29,48,1,1,25.375,-85.875
2014-09,30,39,1,1,25.625,-88.125
2014-09,30,40,1,1,25.625,-87.875
2014-09,30,46,1,1,25.625,-86.375
2014-09,30,47,2,1,25.625,-86.125
2014-09,31,38,1,1,25.875,-88.375
2014-09,31,39,1,1,25.875,-88.125
2014-09,31,40,1,1,25.875,-87.875
2014-09,31,42,1,1,25.875,-87.375
2014-09,31,44,1,1,25.875,-86.875
2014-09,31,47,2,1,25.875,-86.125
2014-09,31,48,1,1,25.875,-85.875
2014-09,31,50,1,1,25.875,-85.375
2014-09,32,30,3,1,26.125,-90.375
2014-09,32,31,3,1,26.125,-90.125
2014-09,32,40,1,1,26.125,-87.875
2014-09,32,45,1,1,26.125,-86.625
2014-09,32,47,3,2,26.125,-86.125
2014-09,32,49,2,1,26.125,-85.625
2014-09,32,50,2,1,26.125,-85.375
2014-09,33,30,1,1,26.375,-90.375
2014-09,33,31,2,1,26.375,-90.125
2014-09,33,40,1,1,26.375,-87.875
2014-09,33,47,2,1,26.375,-86.125
2014-09,33,48,2,2,26.375,-85.875
2014-09,34,21,1,1,26.625,-92.625
2014-09,34,47,1,1,26.625,-86.125
2014-09,34,48,1,1,26.625,-85.875
2014-09,34,49,1,1,26.625,-85.625
2014-09,35,18,1,1,26.875,-93.375
2014-09,35,19,2,1,26.875,-93.125
2014-09,35,20,2,1,26.875,-92.875
2014-09,35,21,1,1,26.875,-92.625
2014-09,35,22,1,1,26.875,-92.375
2014-09,35,29,3,1,26.875,-90.625
2014-09,35,49,1,1,26.875,-85.625
2014-09,36,6,1,1,27.125,-96.375
2014-09,36,7,1,1,27.125,-96.125
2014-09,36,8,1,1,27.125,-95.875
2014-09,36,9,1,1,27.125,-95.625
2014-09,36,11,1,1,27.125,-95.125
2014-09,36,12,1,1,27.125,-94.875
2014-09,36,19,1,1,27.125,-93.125
2014-09,36,26,3,1,27.125,-91.375
2014-09,36,27,1,1,27.125,-91.125
2014-09,36,28,3,1,27.125,-90.875
2014-09,36,43,1,1,27.125,-87.125
2014-09,36,44,1,1,27.125,-86.875
2014-09,36,46,1,1,27.125,-86.375
2014-09,36,47,1,1,27.125,-86.125
2014-09,36,49,1,1,27.125,-85.625
2014-09,36,53,1,1,27.125,-84.625
2014-09,37,6,1,1,27.375,-96.375
2014-09,37,12,1,1,27.375,-94.875
2014-09,37,15,1,1,27.375,-94.125
2014-09,37,18,1,1,27.375,-93.375
2014-09,37,20,1,1,27.375,-92.875
2014-09,37,21,1,1,27.375,-92.625
2014-09,37,22,1,1,27.375,-92.375
2014-09,37,23,1,1,27.375,-92.125
2014-09,37,24,2,1,27.375,-91.875
2014-09,37,25,5,2,27.375,-91.625
2014-09,37,26,1,1,27.375,-91.375
2014-09,37,27,1,1,27.375,-91.125
2014-09,37,47,1,1,27.375,-86.125
2014-09,37,48,10,2,27.375,-85.875
2014-09,37,49,1,1,27.375,-85.625
2014-09,37,54,1,1,27.375,-84.375
2014-09,38,14,1,1,27.625,-94.375
2014-09,38,22,1,1,27.625,-92.375
2014-09,38,23,2,1,27.625,-92.125
2014-09,38,24,1,1,27.625,-91.875
2014-09,38,25,1,1,27.625,-91.625
2014-09,38,43,1,1,27.625,-87.125
2014-09,38,44,1,1,27.625,-86.875
2014-09,38,48,8,2,27.625,-85.875
2014-09,38,49,5,1,27.625,-85.625
2014-09,38,50,2,1,27.625,-85.375
2014-09,38,51,1,1,27.625,-85.125
2014-09,38,54,1,1,27.625,-84.375
2014-09,39,24,2,1,27.875,-91.875
2014-09,39,25,1,1,27.875,-91.625
2014-09,39,46,3,3,27.875,-86.375
2014-09,39,47,1,1,27.875,-86.125
2014-09,39,48,3,2,27.875,-85.875
2014-09,39,50,1,1,27.875,-85.375
2014-09,39,51,2,1,27.875,-85.125
2014-09,39,53,1,1,27.875,-84.625
2014-09,40,44,1,1,28.125,-86.875
2014-09,40,45,1,1,28.125,-86.625
2014-09,40,46,7,3,28.125,-86.375
2014-09,40,47,6,1,28.125,-86.125
2014-09,40,50,3,2,28.125,-85.375
2014-09,40,51,1,1,28.125,-85.125
2014-09,41,43,1,1,28.375,-87.125
2014-09,41,45,3,2,28.375,-86.625
2014-09,41,46,8,3,28.375,-86.375
2014-09,41,47,9,3,28.375,-86.125
2014-09,41,48,3,2,28.375,-85.875
2014-09,41,49,4,2,28.375,-85.625
2014-09,42,42,1,1,28.625,-87.375
2014-09,42,45,1,1,28.625,-86.625
2014-09,42,46,2,2,28.625,-86.375
2014-09,42,48,2,1,28.625,-85.875
2014-09,43,36,2,1,28.875,-88.875
2014-09,43,39,1,1,28.875,-88.125
2014-09,43,42,1,1,28.875,-87.375
2014-09,43,46,5,1,28.875,-86.375
2014-09,43,47,3,1,28.875,-86.125
2014-09,44,45,1,1,29.125,-86.625
2014-10,14,47,1,1,21.625,-86.125
2014-10,16,45,1,1,22.125,-86.625
2014-10,16,50,1,1,22.125,-85.375
2014-10,16,52,1,1,22.125,-84.875
2014-10,17,45,1,1,22.375,-86.625
2014-10,18,44,1,1,22.625,-86.875
2014-10,19,44,1,1,22.875,-86.875
2014-10,20,45,1,1,23.125,-86.625
2014-10,21,5,1,1,23.375,-96.625
2014-10,22,4,1,1,23.625,-96.875
2014-10,22,9,2,1,23.625,-95.625
2014-10,22,12,1,1,23.625,-94.875
2014-10,22,44,1,1,23.625,-86.875
2014-10,23,6,1,1,23.875,-96.375
2014-10,23,7,1,1,23.875,-96.125
2014-10,23,8,1,1,23.875,-95.875
2014-10,23,14,2,1,23.875,-94.375
2014-10,23,16,1,1,23.875,-93.875
2014-10,23,19,1,1,23.875,-93.125
2014-10,24,11,1,1,24.125,-95.125
2014-10,24,21,1,1,24.125,-92.625
2014-10,24,43,1,1,24.125,-87.125
2014-10,25,13,1,1,24.375,-94.625
2014-10,25,22,3,1,24.375,-92.375
2014-10,26,15,2,1,24.625,-94.125
2014-10,26,21,3,1,24.625,-92.625
2014-10,26,22,2,1,24.625,-92.375
2014-10,27,13,2,2,24.875,-94.625
2014-10,27,14,4,2,24.875,-94.375
2014-10,27,15,1,1,24.875,-94.125
2014-10,27,17,1,1,24.875,-93.625
2014-10,27,18,1,1,24.875,-93.375
2014-10,27,19,1,1,24.875,-93.125
2014-10,27,20,1,1,24.875,-92.875
2014-10,27,21,1,1,24.875,-92.625
2014-10,27,45,1,1,24.875,-86.625
2014-10,28,11,2,1,25.125,-95.125
2014-10,28,12,3,1,25.125,-94.875
2014-10,28,17,1,1,25.125,-93.625
2014-10,29,12,2,1,25.375,-94.875
2014-10,29,46,1,1,25.375,-86.375
2014-10,30,12,1,1,25.625,-94.875
2014-10,30,46,1,1,25.625,-86.375
2014-10,30,47,3,1,25.625,-86.125
2014-10,30,48,1,1,25.625,-85.875
2014-10,31,10,1,1,25.875,-95.375
2014-10,31,11,2,1,25.875,-95.125
2014-10,31,12,1,1,25.875,-94.875
2014-10,32,45,1,1,26.125,-86.625
2014-10,33,12,1,1,26.375,-94.875
2014-10,33,45,1,1,26.375,-86.625
2014-10,33,47,1,1,26.375,-86.125
2014-10,34,13,1,1,26.625,-94.625
2014-10,34,41,1,1,26.625,-87.625
2014-10,34,45,2,1,26.625,-86.625
2014-10,34,46,1,1,26.625,-86.375
2014-10,34,47,1,1,26.625,-86.125
2014-10,34,48,2,2,26.625,-85.875
2014-10,34,49,4,2,26.625,-85.625
2014-10,35,12,1,1,26.875,-94.875
2014-10,35,41,1,1,26.875,-87.625
2014-10,35,43,2,2,26.875,-87.125
2014-10,35,45,2,2,26.875,-86.625
2014-10,35,46,1,1,26.875,-86.375
2014-10,35,47,1,1,26.875,-86.125
2014-10,35,48,1,1,26.875,-85.875
2014-10,35,49,3,2,26.875,-85.625
2014-10,36,6,1,1,27.125,-96.375
2014-10,36,7,1,1,27.125,-96.125
2014-10,36,11,1,1,27.125,-95.125
2014-10,36,18,1,1,27.125,-93.375
2014-10,36,38,1,1,27.125,-88.375
2014-10,36,39,1,1,27.125,-88.125
2014-10,36,40,4,1,27.125,-87.875
2014-10,36,45,2,1,27.125,-86.625
2014-10,36,46,1,1,27.125,-86.375
2014-10,36,47,4,1,27.125,-86.125
2014-10,36,48,6,2,27.125,-85.875
2014-10,36,49,1,1,27.125,-85.625
2014-10,36,50,2,1,27.125,-85.375
2014-10,37,6,1,1,27.375,-96.375
2014-10,37,7,2,2,27.375,-96.125
2014-10,37,8,1,1,27.375,-95.875
2014-10,37,10,3,1,27.375,-95.375
2014-10,37,18,3,1,27.375,-93.375
2014-10,37,20,1,1,27.375,-92.875
2014-10,37,27,1,1,27.375,-91.125
2014-10,37,28,1,1,27.375,-90.875
2014-10,37,45,1,1,27.375,-86.625
2014-10,37,46,3,1,27.375,-86.375
2014-10,37,47,1,1,27.375,-86.125
2014-10,37,48,3,1,27.375,-85.875
2014-10,37,49,3,1,27.375,-85.625
2014-10,38,8,1,1,27.625,-95.875
2014-10,38,9,1,1,27.625,-95.625
2014-10,38,11,1,1,27.625,-95.125
2014-10,38,12,1,1,27.625,-94.875
2014-10,38,14,1,1,27.625,-94.375
2014-10,38,17,1,1,27.625,-93.625
2014-10,38,22,1,1,27.625,-92.375
2014-10,38,29,1,1,27.625,-90.625
2014-10,38,30,2,1,27.625,-90.375
2014-10,38,31,1,1,27.625,-90.125
2014-10,38,32,1,1,27.625,-89.875
2014-10,38,44,2,1,27.625,-86.875
2014-10,38,48,1,1,27.625,-85.875
2014-10,38,49,1,1,27.625,-85.625
2014-10,39,23,1,1,27.875,-92.125
2014-10,39,33,1,1,27.875,-89.625
2014-10,39,42,1,1,27.875,-87.375
2014-10,39,44,1,1,27.875,-86.875
2014-10,39,46,1,1,27.875,-86.375
2014-10,40,26,1,1,28.125,-91.375
2014-10,40,28,1,1,28.125,-90.875
2014-10,40,36,1,1,28.125,-88.875
2014-10,40,41,1,1,28.125,-87.625
2014-10,40,49,1,1,28.125,-85.625
2014-10,41,31,1,1,28.375,-90.125
2014-10,41,33,1,1,28.375,-89.625
2014-10,41,34,2,2,28.375,-89.375
2014-10,41,35,1,1,28.375,-89.125
2014-10,41,36,2,1,28.375,-88.875
2014-10,41,37,1,1,28.375,-88.625
2014-10,41,38,4,1,28.375,-88.375
2014-10,41,39,1,1,28.375,-88.125
2014-10,41,40,1,1,28.375,-87.875
2014-10,41,49,2,1,28.375,-85.625
2014-10,42,35,1,1,28.625,-89.125
2014-10,42,36,1,1,28.625,-88.875
2014-10,42,37,1,1,28.625,-88.625
2014-10,42,40,1,1,28.625,-87.875
2014-10,42,43,1,1,28.625,-87.125
2014-10,42,46,1,1,28.625,-86.375
2014-10,42,49,1,1,28.625,-85.625
2014-10,43,36,4,1,28.875,-88.875
2014-10,43,37,1,1,28.875,-88.625
2014-10,43,38,4,1,28.875,-88.375
2014-11,19,6,1,1,22.875,-96.375
2014-11,20,3,5,1,23.125,-97.125
2014-11,20,4,2,1,23.125,-96.875
2014-11,20,6,3,1,23.125,-96.375
2014-11,21,3,4,1,23.375,-97.125
2014-11,21,4,1,1,23.375,-96.875
2014-11,21,5,1,1,23.375,-96.625
2014-11,22,4,7,2,23.625,-96.875
2014-11,22,5,3,2,23.625,-96.625
2014-11,22,6,1,1,23.625,-96.375
2014-11,22,8,3,1,23.625,-95.875
2014-11,22,9,1,1,23.625,-95.625
2014-11,23,5,3,1,23.875,-96.625
2014-11,23,6,2,2,23.875,-96.375
2014-11,24,4,1,1,24.125,-96.875
2014-11,24,5,1,1,24.125,-96.625
2014-11,24,6,1,1,24.125,-96.375
2014-11,25,2,1,1,24.375,-97.375
2014-11,26,3,1,1,24.625,-97.125
2014-11,26,5,1,1,24.625,-96.625
2014-11,26,6,1,1,24.625,-96.375
2014-11,26,22,1,1,24.625,-92.375
2014-11,27,7,1,1,24.875,-96.125
2014-11,27,8,1,1,24.875,-95.875
2014-11,27,20,1,1,24.875,-92.875
2014-11,27,23,2,1,24.875,-92.125
2014-11,28,19,1,1,25.125,-93.125
2014-11,28,20,2,1,25.125,-92.875
2014-11,28,21,2,1,25.125,-92.625
2014-11,28,25,1,1,25.125,-91.625
2014-11,29,7,2,1,25.375,-96.125
2014-11,29,17,1,1,25.375,-93.625
2014-11,30,7,1,1,25.625,-96.125
2014-11,30,8,1,1,25.625,-95.875
2014-11,30,10,1,1,25.625,-95.375
2014-11,30,12,1,1,25.625,-94.875
2014-11,30,15,1,1,25.625,-94.125
2014-11,30,27,1,1,25.625,-91.125
2014-11,31,27,1,1,25.875,-91.125
2014-11,31,28,3,1,25.875,-90.875
2014-11,32,26,1,1,26.125,-91.375
2014-11,32,28,1,1,26.125,-90.875
2014-11,33,25,1,1,26.375,-91.625
2014-11,34,24,1,1,26.625,-91.875
2014-11,34,43,1,1,26.625,-87.125
2014-11,34,47,1,1,26.625,-86.125
2014-11,35,23,2,1,26.875,-92.125
2014-11,35,34,1,1,26.875,-89.375
2014-11,35,35,1,1,26.875,-89.125
2014-11,35,39,3,1,26.875,-88.125
2014-11,35,40,1,1,26.875,-87.875
2014-11,35,41,1,1,26.875,-87.625
2014-11,35,42,2,1,26.875,-87.375
2014-11,35,44,1,1,26.875,-86.875
2014-11,35,46,2,1,26.875,-86.375
2014-11,35,47,1,1,26.875,-86.125
2014-11,36,6,3,1,27.125,-96.375
2014-11,36,7,1,1,27.125,-96.125
2014-11,36,22,2,1,27.125,-92.375
2014-11,36,23,4,1,27.125,-92.125
2014-11,36,24,2,1,27.125,-91.875
2014-11,36,26,1,1,27.125,-91.375
2014-11,36,34,1,1,27.125,-89.375
2014-11,36,36,1,1,27.125,-88.875
2014-11,36,40,1,1,27.125,-87.875
2014-11,36,41,1,1,27.125,-87.625
2014-11,36,42,1,1,27.125,-87.375
2014-11,36,44,2,1,27.125,-86.875
2014-11,36,46,1,1,27.125,-86.375
2014-11,37,6,2,1,27.375,-96.375
2014-11,37,7,3,1,27.375,-96.125
2014-11,37,8,2,1,27.375,-95.875
2014-11,37,9,1,1,27.375,-95.625
2014-11,37,12,1,1,27.375,-94.875
2014-11,37,14,1,1,27.375,-94.375
2014-11,37,15,1,1,27.375,-94.125
2014-11,37,27,1,1,27.375,-91.125
2014-11,37,29,1,1,27.375,-90.625
2014-11,37,33,1,1,27.375,-89.625
2014-11,37,40,1,1,27.375,-87.875
2014-11,37,41,2,1,27.375,-87.625
2014-11,37,42,1,1,27.375,-87.375
2014-11,37,43,1,1,27.375,-87.125
2014-11,37,44,6,1,27.375,-86.875
2014-11,38,9,3,1,27.625,-95.625
2014-11,38,10,2,1,27.625,-95.375
2014-11,38,11,1,1,27.625,-95.125
2014-11,38,12,1,1,27.625,-94.875
2014-11,38,13,3,1,27.625,-94.625
2014-11,38,18,1,1,27.625,-93.375
2014-11,38,19,1,1,27.625,-93.125
2014-11,38,21,1,1,27.625,-92.625
2014-11,38,23,1,1,27.625,-92.125
2014-11,38,30,1,1,27.625,-90.375
2014-11,38,34,1,1,27.625,-89.375
2014-11,38,39,1,1,27.625,-88.125
2014-11,39,21,1,1,27.875,-92.625
2014-11,39,32,1,1,27.875,-89.875
2014-11,39,33,1,1,27.875,-89.625
2014-11,39,36,1,1,27.875,-88.875
2014-11,39,38,1,1,27.875,-88.375
2014-11,39,42,1,1,27.875,-87.375
2014-11,39,43,1,1,27.875,-87.125
2014-11,40,34,1,1,28.125,-89.375
2014-11,40,36,2,1,28.125,-88.875
2014-11,40,38,1,1,28.125,-88.375
2014-11,40,41,1,1,28.125,-87.625
2014-11,40,42,3,1,28.125,-87.375
2014-11,40,43,2,1,28.125,-87.125
2014-11,41,37,1,1,28.375,-88.625
2014-11,41,40,2,1,28.375,-87.875
2014-11,41,41,1,1,28.375,-87.625
2014-11,41,42,2,1,28.375,-87.375
2014-11,42,38,1,1,28.625,-88.375
2014-11,42,39,2,1,28.625,-88.125
2014-11,42,40,1,1,28.625,-87.875
2014-12,14,15,1,1,21.625,-94.125
2014-12,14,16,1,1,21.625,-93.875
2014-12,14,17,2,1,21.625,-93.625
2014-12,15,14,1,1,21.875,-94.375
2014-12,15,17,1,1,21.875,-93.625
2014-12,15,18,3,1,21.875,-93.375
2014-12,17,13,1,1,22.375,-94.625
2014-12,17,15,2,1,22.375,-94.125
2014-12,18,10,1,1,22.625,-95.375
2014-12,18,11,1,1,22.625,-95.125
2014-12,18,12,1,1,22.625,-94.875
2014-12,18,13,2,1,22.625,-94.625
2014-12,18,14,3,1,22.625,-94.375
2014-12,18,15,3,1,22.625,-94.125
2014-12,19,5,1,1,22.875,-96.625
2014-12,19,6,1,1,22.875,-96.375
2014-12,19,7,1,1,22.875,-96.125
2014-12,19,9,1,1,22.875,-95.625
2014-12,19,15,4,1,22.875,-94.125
2014-12,26,6,1,1,24.625,-96.375
2014-12,26,18,1,1,24.625,-93.375
2014-12,27,6,4,1,24.875,-96.375
2014-12,27,7,1,1,24.875,-96.125
2014-12,27,14,1,1,24.875,-94.375
2014-12,27,15,1,1,24.875,-94.125
2014-12,27,17,1,1,24.875,-93.625
2014-12,27,19,1,1,24.875,-93.125
2014-12,27,20,1,1,24.875,-92.875
2014-12,27,21,1,1,24.875,-92.625
2014-12,28,6,3,1,25.125,-96.375
2014-12,28,7,5,1,25.125,-96.125
2014-12,28,8,1,1,25.125,-95.875
2014-12,28,13,1,1,25.125,-94.625
2014-12,28,18,1,1,25.125,-93.375
2014-12,28,19,1,1,25.125,-93.125
2014-12,28,20,1,1,25.125,-92.875
2014-12,28,21,1,1,25.125,-92.625
2014-12,29,8,1,1,25.375,-95.875
2014-12,29,9,1,1,25.375,-95.625
2014-12,29,11,2,1,25.375,-95.125
2014-12,29,12,3,1,25.375,-94.875
2014-12,29,13,2,1,25.375,-94.625
2014-12,29,17,1,1,25.375,-93.625
2014-12,30,11,1,1,25.625,-95.125
2014-12,30,14,1,1,25.625,-94.375
2014-12,30,15,2,1,25.625,-94.125
2014-12,30,16,2,1,25.625,-93.875
2014-12,30,38,3,1,25.625,-88.375
2014-12,30,39,1,1,25.625,-88.125
2014-12,31,15,2,1,25.875,-94.125
2014-12,31,16,1,1,25.875,-93.875
2014-12,31,18,1,1,25.875,-93.375
2014-12,31,39,5,1,25.875,-88.125
2014-12,31,52,1,1,25.875,-84.875
2014-12,32,18,1,1,26.125,-93.375
2014-12,32,38,2,1,26.125,-88.375
2014-12,32,40,2,1,26.125,-87.875
2014-12,32,42,1,1,26.125,-87.375
2014-12,32,43,1,1,26.125,-87.125
2014-12,32,52,2,1,26.125,-84.875
2014-12,32,53,1,1,26.125,-84.625
2014-12,33,20,1,1,26.375,-92.875
2014-12,33,39,2,1,26.375,-88.125
2014-12,33,40,1,1,26.375,-87.875
2014-12,33,43,3,1,26.375,-87.125
2014-12,33,44,2,1,26.375,-86.875
2014-12,33,50,1,1,26.375,-85.375
2014-12,33,52,2,1,26.375,-84.875
2014-12,33,53,2,1,26.375,-84.625
2014-12,34,22,1,1,26.625,-92.375
2014-12,34,24,1,1,26.625,-91.875
2014-12,34,27,1,1,26.625,-91.125
2014-12,34,35,1,1,26.625,-89.125
2014-12,34,39,1,1,26.625,-88.125
2014-12,34,41,2,1,26.625,-87.625
2014-12,34,42,1,1,26.625,-87.375
2014-12,34,43,3,1,26.625,-87.125
2014-12,34,44,1,1,26.625,-86.875
2014-12,34,48,1,1,26.625,-85.875
2014-12,34,52,1,1,26.625,-84.875
2014-12,34,53,2,1,26.625,-84.625
2014-12,35,29,1,1,26.875,-90.625
2014-12,35,30,1,1,26.875,-90.375
2014-12,35,32,1,1,26.875,-89.875
2014-12,35,34,2,2,26.875,-89.375
2014-12,35,35,1,1,26.875,-89.125
2014-12,35,46,1,1,26.875,-86.375
2014-12,36,32,1,1,27.125,-89.875
2014-12,36,33,2,1,27.125,-89.625
2014-12,36,34,5,2,27.125,-89.375
2014-12,36,35,3,1,27.125,-89.125
2014-12,36,46,1,1,27.125,-86.375
2014-12,37,25,4,1,27.375,-91.625
2014-12,37,30,1,1,27.375,-90.375
2014-12,37,32,1,1,27.375,-89.875
2014-12,37,34,2,1,27.375,-89.375
2014-12,37,35,2,1,27.375,-89.125
2014-12,37,48,1,1,27.375,-85.875
2014-12,38,24,2,1,27.625,-91.875
2014-12,38,28,1,1,27.625,-90.875
2014-12,38,30,1,1,27.625,-90.375
2014-12,38,31,1,1,27.625,-90.125
2014-12,38,32,1,1,27.625,-89.875
2014-12,38,34,2,1,27.625,-89.375
2014-12,38,35,3,1,27.625,-89.125
2014-12,38,36,1,1,27.625,-88.875
2014-12,38,48,2,1,27.625,-85.875
2014-12,39,37,1,1,27.875,-88.625
2014-12,39,42,1,1,27.875,-87.375
2014-12,39,47,1,1,27.875,-86.125
2014-12,39,49,1,1,27.875,-85.625
2014-12,40,39,1,1,28.125,-88.125
2014-12,40,40,1,1,28.125,-87.875
2014-12,40,47,1,1,28.125,-86.125
2014-12,40,48,1,1,28.125,-85.875
2014-12,41,41,1,1,28.375,-87.625
2014-12,41,47,1,1,28.375,-86.125
2014-12,41,49,2,1,28.375,-85.625
2014-12,42,43,1,1,28.625,-87.125
2014-12,42,46,1,1,28.625,-86.375
2015-01,5,9,2,1,19.375,-95.625
2015-01,7,9,1,1,19.875,-95.625
2015-01,9,7,1,1,20.375,-96.125
2015-01,11,6,1,1,20.875,-96.375
2015-01,13,4,1,1,21.375,-96.875
2015-01,14,4,1,1,21.625,-96.875
2015-01,14,16,2,1,21.625,-93.875
2015-01,15,4,1,1,21.875,-96.875
2015-01,15,16,1,1,21.875,-93.875
2015-01,15,18,1,1,21.875,-93.375
2015-01,16,3,1,1,22.125,-97.125
2015-01,16,15,2,1,22.125,-94.125
2015-01,17,3,1,1,22.375,-97.125
2015-01,17,12,1,1,22.375,-94.875
2015-01,17,13,1,1,22.375,-94.625
2015-01,17,15,1,1,22.375,-94.125
2015-01,18,2,1,1,22.625,-97.375
2015-01,18,3,1,1,22.625,-97.125
2015-01,18,4,2,1,22.625,-96.875
2015-01,18,10,1,1,22.625,-95.375
2015-01,18,11,1,1,22.625,-95.125
2015-01,19,5,1,1,22.875,-96.625
2015-01,19,9,1,1,22.875,-95.625
2015-01,19,10,1,1,22.875,-95.375
2015-01,20,5,1,1,23.125,-96.625
2015-01,20,6,1,1,23.125,-96.375
2015-01,20,7,1,1,23.125,-96.125
2015-01,29,6,1,1,25.375,-96.375
2015-01,29,7,1,1,25.375,-96.125
2015-01,30,7,1,1,25.625,-96.125
2015-01,31,9,1,1,25.875,-95.625
2015-01,31,10,1,1,25.875,-95.375
2015-01,31,32,3,1,25.875,-89.875
2015-01,31,34,2,1,25.875,-89.375
2015-01,31,35,1,1,25.875,-89.125
2015-01,31,36,1,1,25.875,-88.875
2015-01,31,37,1,1,25.875,-88.625
2015-01,32,22,1,1,26.125,-92.375
2015-01,32,33,3,1,26.125,-89.625
2015-01,32,34,6,1,26.125,-89.375
2015-01,32,37,2,1,26.125,-88.625
2015-01,32,38,2,1,26.125,-88.375
2015-01,33,23,1,1,26.375,-92.125
2015-01,33,24,1,1,26.375,-91.875
2015-01,33,26,1,1,26.375,-91.375
2015-01,33,29,1,1,26.375,-90.625
2015-01,33,31,1,1,26.375,-90.125
2015-01,33,33,1,1,26.375,-89.625
2015-01,33,34,4,1,26.375,-89.375
2015-01,33,38,1,1,26.375,-88.375
2015-01,34,10,1,1,26.625,-95.375
2015-01,34,17,2,1,26.625,-93.625
2015-01,34,18,1,1,26.625,-93.375
2015-01,34,19,1,1,26.625,-93.125
2015-01,34,21,5,2,26.625,-92.625
2015-01,34,22,4,1,26.625,-92.375
2015-01,34,23,2,1,26.625,-92.125
2015-01,34,24,1,1,26.625,-91.875
2015-01,34,25,2,1,26.625,-91.625
2015-01,34,31,1,1,26.625,-90.125
2015-01,34,33,1,1,26.625,-89.625
2015-01,34,35,2,1,26.625,-89.125
2015-01,34,51,1,1,26.625,-85.125
2015-01,34,52,1,1,26.625,-84.875
2015-01,35,9,2,1,26.875,-95.625
2015-01,35,10,4,1,26.875,-95.375
2015-01,35,11,1,1,26.875,-95.125
2015-01,35,15,2,1,26.875,-94.125
2015-01,35,16,1,1,26.875,-93.875
2015-01,35,18,1,1,26.875,-93.375
2015-01,35,19,3,1,26.875,-93.125
2015-01,35,20,3,2,26.875,-92.875
2015-01,35,21,2,2,26.875,-92.625
2015-01,35,22,1,1,26.875,-92.375
2015-01,35,25,1,1,26.875,-91.625
2015-01,35,28,1,1,26.875,-90.875
2015-01,35,33,1,1,26.875,-89.625
2015-01,35,52,1,1,26.875,-84.875
2015-01,35,53,1,1,26.875,-84.625
2015-01,36,12,1,1,27.125,-94.875
2015-01,36,13,1,1,27.125,-94.625
2015-01,36,14,1,1,27.125,-94.375
2015-01,36,15,4,1,27.125,-94.125
2015-01,36,16,1,1,27.125,-93.875
2015-01,36,19,2,1,27.125,-93.125
2015-01,36,24,1,1,27.125,-91.875
2015-01,36,25,2,1,27.125,-91.625
2015-01,36,26,1,1,27.125,-91.375
2015-01,36,29,1,1,27.125,-90.625
2015-01,36,30,1,1,27.125,-90.375
2015-01,36,31,3,2,27.125,-90.125
2015-01,36,32,4,1,27.125,-89.875
2015-01,36,34,2,2,27.125,-89.375
2015-01,36,36,1,1,27.125,-88.875
2015-01,36,50,1,1,27.125,-85.375
2015-01,36,52,1,1,27.125,-84.875
2015-01,37,12,1,1,27.375,-94.875
2015-01,37,27,1,1,27.375,-91.125
2015-01,37,30,1,1,27.375,-90.375
2015-01,37,31,4,2,27.375,-90.125
2015-01,37,32,1,1,27.375,-89.875
2015-01,37,33,1,1,27.375,-89.625
2015-01,37,34,1,1,27.375,-89.375
2015-01,37,35,1,1,27.375,-89.125
2015-01,37,37,1,1,27.375,-88.625
2015-01,37,39,1,1,27.375,-88.125
2015-01,37,41,1,1,27.375,-87.625
2015-01,37,42,1,1,27.375,-87.375
2015-01,37,46,1,1,27.375,-86.375
2015-01,37,47,1,1,27.375,-86.125
2015-01,37,48,1,1,27.375,-85.875
2015-01,37,49,1,1,27.375,-85.625
2015-01,38,11,2,1,27.625,-95.125
2015-01,38,12,4,1,27.625,-94.875
2015-01,38,34,2,1,27.625,-89.375
2015-01,38,37,1,1,27.625,-88.625
2015-01,38,39,1,1,27.625,-88.125
2015-01,38,40,3,2,27.625,-87.875
2015-01,38,43,2,1,27.625,-87.125
2015-01,38,44,1,1,27.625,-86.875
2015-01,38,45,2,1,27.625,-86.625
2015-01,38,46,1,1,27.625,-86.375
2015-01,39,38,1,1,27.875,-88.375
2015-02,6,10,3,1,19.625,-95.375
2015-02,31,36,1,1,25.875,-88.875
2015-02,32,35,1,1,26.125,-89.125
2015-02,33,34,1,1,26.375,-89.375
2015-02,34,24,1,1,26.625,-91.875
2015-02,34,27,1,1,26.625,-91.125
2015-02,34,34,1,1,26.625,-89.375
2015-02,34,36,3,1,26.625,-88.875
2015-02,35,24,1,1,26.875,-91.875
2015-02,35,25,1,1,26.875,-91.625
2015-02,35,26,3,1,26.875,-91.375
2015-02,35,27,3,1,26.875,-91.125
2015-02,35,32,1,1,26.875,-89.875
2015-02,35,33,4,2,26.875,-89.625
2015-02,35,34,1,1,26.875,-89.375
2015-02,35,35,1,1,26.875,-89.125
2015-02,35,37,2,1,26.875,-88.625
2015-02,35,38,2,1,26.875,-88.375
2015-02,36,19,1,1,27.125,-93.125
2015-02,36,27,3,1,27.125,-91.125
2015-02,36,31,1,1,27.125,-90.125
2015-02,36,32,2,2,27.125,-89.875
2015-02,36,33,3,2,27.125,-89.625
2015-02,36,34,3,2,27.125,-89.375
2015-02,36,35,5,1,27.125,-89.125
2015-02,36,36,3,1,27.125,-88.875
2015-02,36,37,6,2,27.125,-88.625
2015-02,36,38,4,1,27.125,-88.375
2015-02,37,18,1,1,27.375,-93.375
2015-02,37,19,1,1,27.375,-93.125
2015-02,37,29,1,1,27.375,-90.625
2015-02,37,30,1,1,27.375,-90.375
2015-02,37,32,2,2,27.375,-89.875
2015-02,37,33,3,2,27.375,-89.625
2015-02,37,34,2,2,27.375,-89.375
2015-02,37,35,1,1,27.375,-89.125
2015-02,37,36,4,2,27.375,-88.875
2015-02,37,37,5,2,27.375,-88.625
2015-02,37,39,1,1,27.375,-88.125
2015-02,37,40,2,1,27.375,-87.875
2015-02,38,17,2,1,27.625,-93.625
2015-02,38,18,5,1,27.625,-93.375
2015-02,38,19,1,1,27.625,-93.125
2015-02,38,25,1,1,27.625,-91.625
2015-02,38,27,1,1,27.625,-91.125
2015-02,38,28,1,1,27.625,-90.875
2015-02,38,32,3,2,27.625,-89.875
2015-02,38,33,2,2,27.625,-89.625
2015-02,38,34,4,3,27.625,-89.375
2015-02,38,35,6,2,27.625,-89.125
2015-02,38,36,2,2,27.625,-88.875
2015-02,38,37,1,1,27.625,-88.625
2015-02,38,40,2,1,27.625,-87.875
2015-02,39,13,1,1,27.875,-94.625
2015-02,39,20,1,1,27.875,-92.875
2015-02,39,21,1,1,27.875,-92.625
2015-02,39,23,1,1,27.875,-92.125
2015-02,39,24,1,1,27.875,-91.875
2015-02,39,29,1,1,27.875,-90.625
2015-02,39,30,1,1,27.875,-90.375
2015-02,39,34,1,1,27.875,-89.375
2015-02,39,35,2,2,27.875,-89.125
2015-02,39,36,2,2,27.875,-88.875
2015-02,39,37,1,1,27.875,-88.625
2015-02,40,14,3,1,28.125,-94.375
2015-02,40,30,2,1,28.125,-90.375
2015-02,40,36,1,1,28.125,-88.875
2015-02,40,37,1,1,28.125,-88.625
2015-02,40,38,1,1,28.125,-88.375
2015-02,41,32,2,1,28.375,-89.875
2015-02,41,37,2,1,28.375,-88.625
2015-02,41,38,1,1,28.375,-88.375
2015-03,23,42,1,1,23.875,-87.375
2015-03,23,44,1,1,23.875,-86.875
2015-03,23,45,3,1,23.875,-86.625
2015-03,23,46,1,1,23.875,-86.375
2015-03,24,10,2,1,24.125,-95.375
2015-03,24,11,1,1,24.125,-95.125
2015-03,24,41,1,1,24.125,-87.625
2015-03,25,9,1,1,24.375,-95.625
2015-03,25,10,1,1,24.375,-95.375
2015-03,25,40,1,1,24.375,-87.875
2015-03,26,13,1,1,24.625,-94.625
2015-03,26,38,1,1,24.625,-88.375
2015-03,28,15,1,1,25.125,-94.125
2015-03,28,35,1,1,25.125,-89.125
2015-03,28,36,1,1,25.125,-88.875
2015-03,29,35,1,1,25.375,-89.125
2015-03,29,36,1,1,25.375,-88.875
2015-03,30,17,1,1,25.625,-93.625
2015-03,30,36,1,1,25.625,-88.875
2015-03,31,37,1,1,25.875,-88.625
2015-03,32,19,1,1,26.125,-93.125
2015-03,33,21,1,1,26.375,-92.625
2015-03,35,23,1,1,26.875,-92.125
2015-03,35,26,1,1,26.875,-91.375
2015-03,35,28,1,1,26.875,-90.875
2015-03,35,30,1,1,26.875,-90.375
2015-03,35,31,1,1,26.875,-90.125
2015-03,35,32,1,1,26.875,-89.875
2015-03,35,34,1,1,26.875,-89.375
2015-03,35,35,1,1,26.875,-89.125
2015-03,36,28,1,1,27.125,-90.875
2015-03,36,29,2,1,27.125,-90.625
2015-03,36,30,2,1,27.125,-90.375
2015-03,36,32,1,1,27.125,-89.875
2015-03,36,33,4,1,27.125,-89.625
2015-03,36,34,1,1,27.125,-89.375
2015-03,36,35,1,1,27.125,-89.125
2015-03,36,40,1,1,27.125,-87.875
2015-03,37,26,1,1,27.375,-91.375
2015-03,37,27,2,1,27.375,-91.125
2015-03,37,28,1,1,27.375,-90.875
2015-03,37,29,1,1,27.375,-90.625
2015-03,37,34,4,1,27.375,-89.375
2015-03,37,35,1,1,27.375,-89.125
2015-03,37,36,1,1,27.375,-88.875
2015-03,37,40,1,1,27.375,-87.875
2015-03,38,24,2,1,27.625,-91.875
2015-03,38,27,1,1,27.625,-91.125
2015-03,38,30,1,1,27.625,-90.375
2015-03,38,33,1,1,27.625,-89.625
2015-03,38,37,1,1,27.625,-88.625
2015-03,38,38,2,2,27.625,-88.375
2015-03,38,40,2,1,27.625,-87.875
2015-03,38,41,1,1,27.625,-87.625
2015-03,38,42,1,1,27.625,-87.375
2015-03,38,43,1,1,27.625,-87.125
2015-03,39,25,1,1,27.875,-91.625
2015-03,39,28,1,1,27.875,-90.875
2015-03,39,30,1,1,27.875,-90.375
2015-03,39,33,1,1,27.875,-89.625
2015-03,39,36,1,1,27.875,-88.875
2015-03,39,39,1,1,27.875,-88.125
2015-03,39,41,1,1,27.875,-87.625
2015-03,39,42,1,1,27.875,-87.375
2015-03,39,43,1,1,27.875,-87.125
2015-03,40,32,3,1,28.125,-89.875
2015-03,40,34,1,1,28.125,-89.375
2015-03,40,35,1,1,28.125,-89.125
2015-03,40,36,1,1,28.125,-88.875
2015-03,41,33,7,1,28.375,-89.625
2015-03,41,34,5,2,28.375,-89.375
2015-03,41,35,1,1,28.375,-89.125
2015-03,41,36,1,1,28.375,-88.875
2015-03,41,37,1,1,28.375,-88.625
2015-03,41,39,1,1,28.375,-88.125
2015-03,42,33,2,1,28.625,-89.625
2015-03,42,34,2,1,28.625,-89.375
2015-03,42,35,1,1,28.625,-89.125
2015-03,42,36,2,1,28.625,-88.875
2015-03,43,34,2,1,28.875,-89.375
2015-03,43,36,1,1,28.875,-88.875
2015-03,43,37,1,1,28.875,-88.625
2015-03,43,38,2,1,28.875,-88.375
2015-03,44,39,2,1,29.125,-88.125
2015-04,18,6,1,1,22.625,-96.375
2015-04,19,4,1,1,22.875,-96.875
2015-04,19,6,1,1,22.875,-96.375
2015-04,19,7,1,1,22.875,-96.125
2015-04,19,8,6,1,22.875,-95.875
2015-04,19,9,2,1,22.875,-95.625
2015-04,20,8,8,1,23.125,-95.875
2015-04,21,9,3,1,23.375,-95.625
2015-04,22,8,2,1,23.625,-95.875
2015-04,22,9,2,1,23.625,-95.625
2015-04,23,9,1,1,23.875,-95.625
2015-04,24,9,1,1,24.125,-95.625
2015-04,25,9,1,1,24.375,-95.625
2015-04,36,29,1,1,27.125,-90.625
2015-04,36,30,6,1,27.125,-90.375
2015-04,36,31,2,1,27.125,-90.125
2015-04,37,29,2,1,27.375,-90.625
2015-04,37,30,4,1,27.375,-90.375
2015-04,37,34,1,1,27.375,-89.375
2015-04,38,30,1,1,27.625,-90.375
2015-04,38,31,1,1,27.625,-90.125
2015-04,38,32,1,1,27.625,-89.875
2015-04,39,30,1,1,27.875,-90.375
2015-04,39,31,3,1,27.875,-90.125
2015-04,39,32,4,1,27.875,-89.875
2015-04,39,33,2,2,27.875,-89.625
2015-04,40,32,1,1,28.125,-89.875
2015-04,40,34,2,1,28.125,-89.375
2015-04,40,35,1,1,28.125,-89.125
2015-04,41,30,1,1,28.375,-90.375
2015-04,41,31,1,1,28.375,-90.125
2015-04,41,32,1,1,28.375,-89.875
2015-04,41,35,1,1,28.375,-89.125
2015-04,42,32,1,1,28.625,-89.875
2015-04,42,34,1,1,28.625,-89.375
2015-04,42,36,1,1,28.625,-88.875
2015-04,43,39,1,1,28.875,-88.125
2015-04,43,42,2,1,28.875,-87.375
2015-04,43,43,1,1,28.875,-87.125
2015-04,44,40,2,1,29.125,-87.875
2015-04,44,41,4,1,29.125,-87.625
2015-04,44,42,1,1,29.125,-87.375
2015-04,44,43,1,1,29.125,-87.125
2015-04,45,43,2,1,29.375,-87.125
2015-04,45,44,1,1,29.375,-86.875
2015-04,46,43,1,1,29.625,-87.125
2015-04,46,44,4,1,29.625,-86.875
2015-05,20,8,1,1,23.125,-95.875
2015-05,21,8,1,1,23.375,-95.875
2015-05,21,9,2,1,23.375,-95.625
2015-05,22,10,2,1,23.625,-95.375
2015-05,25,11,1,1,24.375,-95.125
2015-05,27,12,1,1,24.875,-94.875
2015-05,29,13,1,1,25.375,-94.625
2015-05,30,23,1,1,25.625,-92.125
2015-05,31,14,1,1,25.875,-94.375
2015-05,31,24,2,1,25.875,-91.875
2015-05,32,21,1,1,26.125,-92.625
2015-05,33,15,1,1,26.375,-94.125
2015-05,33,21,1,1,26.375,-92.625
2015-05,34,16,2,1,26.625,-93.875
2015-05,34,19,1,1,26.625,-93.125
2015-05,34,21,1,1,26.625,-92.625
2015-05,35,17,1,1,26.875,-93.625
2015-05,35,18,1,1,26.875,-93.375
2015-05,35,19,1,1,26.875,-93.125
2015-05,35,20,1,1,26.875,-92.875
2015-05,35,21,1,1,26.875,-92.625
2015-05,35,22,1,1,26.875,-92.375
2015-05,35,24,1,1,26.875,-91.875
2015-05,35,33,3,1,26.875,-89.625
2015-05,36,20,1,1,27.125,-92.875
2015-05,36,26,1,1,27.125,-91.375
2015-05,36,32,1,1,27.125,-89.875
2015-05,36,34,1,1,27.125,-89.375
2015-05,37,22,1,1,27.375,-92.375
2015-05,37,35,1,1,27.375,-89.125
2015-05,38,23,1,1,27.625,-92.125
2015-05,38,25,1,1,27.625,-91.625
2015-05,38,26,1,1,27.625,-91.375
2015-05,38,29,1,1,27.625,-90.625
2015-05,38,30,1,1,27.625,-90.375
2015-05,38,31,1,1,27.625,-90.125
2015-05,39,27,1,1,27.875,-91.125
2015-05,39,29,1,1,27.875,-90.625
2015-05,39,30,2,2,27.875,-90.375
2015-05,39,32,1,1,27.875,-89.875
2015-05,39,33,2,1,27.875,-89.625
2015-05,39,37,1,1,27.875,-88.625
2015-05,40,34,1,1,28.125,-89.375
2015-05,40,40,1,1,28.125,-87.875
2015-05,40,42,1,1,28.125,-87.375
2015-05,40,43,1,1,28.125,-87.125
2015-05,41,35,1,1,28.375,-89.125
2015-05,41,36,1,1,28.375,-88.875
2015-05,41,43,1,1,28.375,-87.125
2015-05,42,37,1,1,28.625,-88.625
2015-05,42,39,1,1,28.625,-88.125
2015-05,42,40,1,1,28.625,-87.875
2015-05,42,42,2,1,28.625,-87.375
2015-05,43,35,3,1,28.875,-89.125
2015-05,43,37,1,1,28.875,-88.625
2015-05,43,39,1,1,28.875,-88.125
2015-05,43,42,1,1,28.875,-87.375
2015-05,43,43,2,1,28.875,-87.125
2015-05,44,37,2,1,29.125,-88.625
2015-05,44,39,3,1,29.125,-88.125
2015-05,44,40,1,1,29.125,-87.875
2015-05,44,42,2,1,29.125,-87.375
2015-05,45,41,2,1,29.375,-87.625
2015-05,45,42,5,1,29.375,-87.375
2015-05,46,41,1,1,29.625,-87.625
2015-05,46,42,2,1,29.625,-87.375
2015-05,46,43,5,1,29.625,-87.125
2015-06,25,13,1,1,24.375,-94.625
2015-06,26,14,1,1,24.625,-94.375
2015-06,27,14,1,1,24.875,-94.375
2015-06,29,14,1,1,25.375,-94.375
2015-06,30,22,2,1,25.625,-92.375
2015-06,30,25,1,1,25.625,-91.625
2015-06,31,13,1,1,25.875,-94.625
2015-06,31,20,1,1,25.875,-92.875
2015-06,31,25,2,1,25.875,-91.625
2015-06,31,26,2,1,25.875,-91.375
2015-06,31,27,2,1,25.875,-91.125
2015-06,31,28,1,1,25.875,-90.875
2015-06,31,29,2,1,25.875,-90.625
2015-06,32,11,1,1,26.125,-95.125
2015-06,32,17,1,1,26.125,-93.625
2015-06,33,13,2,1,26.375,-94.625
2015-06,33,14,1,1,26.375,-94.375
2015-06,37,36,4,1,27.375,-88.875
2015-06,37,37,1,1,27.375,-88.625
2015-06,37,38,1,1,27.375,-88.375
2015-06,37,42,1,1,27.375,-87.375
2015-06,37,43,1,1,27.375,-87.125
2015-06,38,32,1,1,27.625,-89.875
2015-06,38,40,1,1,27.625,-87.875
2015-06,38,41,1,1,27.625,-87.625
2015-06,38,42,1,1,27.625,-87.375
2015-06,38,44,1,1,27.625,-86.875
2015-06,38,45,2,1,27.625,-86.625
2015-06,38,48,1,1,27.625,-85.875
2015-06,39,30,1,1,27.875,-90.375
2015-06,39,31,2,1,27.875,-90.125
2015-06,39,44,4,1,27.875,-86.875
2015-06,39,46,3,1,27.875,-86.375
2015-06,39,47,2,1,27.875,-86.125
2015-06,40,31,5,1,28.125,-90.125
2015-06,40,45,1,1,28.125,-86.625
2015-06,40,46,4,1,28.125,-86.375
2015-06,40,47,1,1,28.125,-86.125
2015-06,41,29,1,1,28.375,-90.625
2015-06,41,30,2,1,28.375,-90.375
2015-06,41,31,2,1,28.375,-90.125
2015-06,41,32,3,1,28.375,-89.875
2015-06,41,33,1,1,28.375,-89.625
2015-06,41,34,1,1,28.375,-89.375
2015-06,42,31,1,1,28.625,-90.125
2015-06,42,32,2,1,28.625,-89.875
2015-06,42,33,2,1,28.625,-89.625
2015-06,42,34,4,1,28.625,-89.375
2015-06,43,35,2,1,28.875,-89.125
2015-07,36,26,2,1,27.125,-91.375
2015-07,37,27,2,1,27.375,-91.125
2015-07,37,44,1,1,27.375,-86.875
2015-07,38,28,1,1,27.625,-90.875
2015-07,38,29,1,1,27.625,-90.625
2015-07,38,44,1,1,27.625,-86.875
2015-07,39,25,1,1,27.875,-91.625
2015-07,39,30,1,1,27.875,-90.375
2015-07,39,43,1,1,27.875,-87.125
2015-07,39,44,2,1,27.875,-86.875
2015-07,41,32,2,1,28.375,-89.875
2015-07,41,44,1,1,28.375,-86.875
2015-07,42,40,1,1,28.625,-87.875
2015-07,42,41,1,1,28.625,-87.625
2015-07,42,42,1,1,28.625,-87.375
2015-07,42,43,1,1,28.625,-87.125
2015-07,43,42,1,1,28.875,-87.375
